implementation,payload_bytes,capacity_items,items_per_second_median,benchmark_name,source_file
SPSCBufferBaseline,1,1,6011206,BM_SPSCBufferBaseline<bench::data::BenchPayload<1>>/1/min_warmup_time:0.500/repeats:20/real_time_median,/home/ethanmathew/Code/ring-buffer-benchmarks/bench/results/raw/28-04-2026-staged.json
SPSCBufferBaseline,1,4,8224559,BM_SPSCBufferBaseline<bench::data::BenchPayload<1>>/4/min_warmup_time:0.500/repeats:20/real_time_median,/home/ethanmathew/Code/ring-buffer-benchmarks/bench/results/raw/28-04-2026-staged.json
SPSCBufferBaseline,1,64,8170842,BM_SPSCBufferBaseline<bench::data::BenchPayload<1>>/64/min_warmup_time:0.500/repeats:20/real_time_median,/home/ethanmathew/Code/ring-buffer-benchmarks/bench/results/raw/28-04-2026-staged.json
SPSCBufferBaseline,1,256,8348218,BM_SPSCBufferBaseline<bench::data::BenchPayload<1>>/256/min_warmup_time:0.500/repeats:20/real_time_median,/home/ethanmathew/Code/ring-buffer-benchmarks/bench/results/raw/28-04-2026-staged.json
SPSCBufferBaseline,1,1024,8026660,BM_SPSCBufferBaseline<bench::data::BenchPayload<1>>/1024/min_warmup_time:0.500/repeats:20/real_time_median,/home/ethanmathew/Code/ring-buffer-benchmarks/bench/results/raw/28-04-2026-staged.json
SPSCBufferBaseline,1,4096,8002281,BM_SPSCBufferBaseline<bench::data::BenchPayload<1>>/4096/min_warmup_time:0.500/repeats:20/real_time_median,/home/ethanmathew/Code/ring-buffer-benchmarks/bench/results/raw/28-04-2026-staged.json
SPSCBufferBaseline,1,16384,8038215,BM_SPSCBufferBaseline<bench::data::BenchPayload<1>>/16384/min_warmup_time:0.500/repeats:20/real_time_median,/home/ethanmathew/Code/ring-buffer-benchmarks/bench/results/raw/28-04-2026-staged.json
SPSCBufferBaseline,1,32768,8038920,BM_SPSCBufferBaseline<bench::data::BenchPayload<1>>/32768/min_warmup_time:0.500/repeats:20/real_time_median,/home/ethanmathew/Code/ring-buffer-benchmarks/bench/results/raw/28-04-2026-staged.json
SPSCBufferBaseline,2,1,5126279,BM_SPSCBufferBaseline<bench::data::BenchPayload<2>>/1/min_warmup_time:0.500/repeats:20/real_time_median,/home/ethanmathew/Code/ring-buffer-benchmarks/bench/results/raw/28-04-2026-staged.json
SPSCBufferBaseline,2,4,7894553,BM_SPSCBufferBaseline<bench::data::BenchPayload<2>>/4/min_warmup_time:0.500/repeats:20/real_time_median,/home/ethanmathew/Code/ring-buffer-benchmarks/bench/results/raw/28-04-2026-staged.json
SPSCBufferBaseline,2,64,8244295,BM_SPSCBufferBaseline<bench::data::BenchPayload<2>>/64/min_warmup_time:0.500/repeats:20/real_time_median,/home/ethanmathew/Code/ring-buffer-benchmarks/bench/results/raw/28-04-2026-staged.json
SPSCBufferBaseline,2,256,8284887,BM_SPSCBufferBaseline<bench::data::BenchPayload<2>>/256/min_warmup_time:0.500/repeats:20/real_time_median,/home/ethanmathew/Code/ring-buffer-benchmarks/bench/results/raw/28-04-2026-staged.json
SPSCBufferBaseline,2,1024,8290739,BM_SPSCBufferBaseline<bench::data::BenchPayload<2>>/1024/min_warmup_time:0.500/repeats:20/real_time_median,/home/ethanmathew/Code/ring-buffer-benchmarks/bench/results/raw/28-04-2026-staged.json
SPSCBufferBaseline,2,4096,8304256,BM_SPSCBufferBaseline<bench::data::BenchPayload<2>>/4096/min_warmup_time:0.500/repeats:20/real_time_median,/home/ethanmathew/Code/ring-buffer-benchmarks/bench/results/raw/28-04-2026-staged.json
SPSCBufferBaseline,2,16384,8306944,BM_SPSCBufferBaseline<bench::data::BenchPayload<2>>/16384/min_warmup_time:0.500/repeats:20/real_time_median,/home/ethanmathew/Code/ring-buffer-benchmarks/bench/results/raw/28-04-2026-staged.json
SPSCBufferBaseline,2,32768,8319068,BM_SPSCBufferBaseline<bench::data::BenchPayload<2>>/32768/min_warmup_time:0.500/repeats:20/real_time_median,/home/ethanmathew/Code/ring-buffer-benchmarks/bench/results/raw/28-04-2026-staged.json
SPSCBufferBaseline,4,1,5420338,BM_SPSCBufferBaseline<bench::data::BenchPayload<4>>/1/min_warmup_time:0.500/repeats:20/real_time_median,/home/ethanmathew/Code/ring-buffer-benchmarks/bench/results/raw/28-04-2026-staged.json
SPSCBufferBaseline,4,4,7785371,BM_SPSCBufferBaseline<bench::data::BenchPayload<4>>/4/min_warmup_time:0.500/repeats:20/real_time_median,/home/ethanmathew/Code/ring-buffer-benchmarks/bench/results/raw/28-04-2026-staged.json
SPSCBufferBaseline,4,64,7483708,BM_SPSCBufferBaseline<bench::data::BenchPayload<4>>/64/min_warmup_time:0.500/repeats:20/real_time_median,/home/ethanmathew/Code/ring-buffer-benchmarks/bench/results/raw/28-04-2026-staged.json
SPSCBufferBaseline,4,256,7503374,BM_SPSCBufferBaseline<bench::data::BenchPayload<4>>/256/min_warmup_time:0.500/repeats:20/real_time_median,/home/ethanmathew/Code/ring-buffer-benchmarks/bench/results/raw/28-04-2026-staged.json
SPSCBufferBaseline,4,1024,8181624,BM_SPSCBufferBaseline<bench::data::BenchPayload<4>>/1024/min_warmup_time:0.500/repeats:20/real_time_median,/home/ethanmathew/Code/ring-buffer-benchmarks/bench/results/raw/28-04-2026-staged.json
SPSCBufferBaseline,4,4096,8165986,BM_SPSCBufferBaseline<bench::data::BenchPayload<4>>/4096/min_warmup_time:0.500/repeats:20/real_time_median,/home/ethanmathew/Code/ring-buffer-benchmarks/bench/results/raw/28-04-2026-staged.json
SPSCBufferBaseline,4,16384,8281569,BM_SPSCBufferBaseline<bench::data::BenchPayload<4>>/16384/min_warmup_time:0.500/repeats:20/real_time_median,/home/ethanmathew/Code/ring-buffer-benchmarks/bench/results/raw/28-04-2026-staged.json
SPSCBufferBaseline,4,32768,8208888,BM_SPSCBufferBaseline<bench::data::BenchPayload<4>>/32768/min_warmup_time:0.500/repeats:20/real_time_median,/home/ethanmathew/Code/ring-buffer-benchmarks/bench/results/raw/28-04-2026-staged.json
SPSCBufferBaseline,8,1,5239686,BM_SPSCBufferBaseline<bench::data::BenchPayload<8>>/1/min_warmup_time:0.500/repeats:20/real_time_median,/home/ethanmathew/Code/ring-buffer-benchmarks/bench/results/raw/28-04-2026-staged.json
SPSCBufferBaseline,8,4,8043375,BM_SPSCBufferBaseline<bench::data::BenchPayload<8>>/4/min_warmup_time:0.500/repeats:20/real_time_median,/home/ethanmathew/Code/ring-buffer-benchmarks/bench/results/raw/28-04-2026-staged.json
SPSCBufferBaseline,8,64,8921331,BM_SPSCBufferBaseline<bench::data::BenchPayload<8>>/64/min_warmup_time:0.500/repeats:20/real_time_median,/home/ethanmathew/Code/ring-buffer-benchmarks/bench/results/raw/28-04-2026-staged.json
SPSCBufferBaseline,8,256,7667785,BM_SPSCBufferBaseline<bench::data::BenchPayload<8>>/256/min_warmup_time:0.500/repeats:20/real_time_median,/home/ethanmathew/Code/ring-buffer-benchmarks/bench/results/raw/28-04-2026-staged.json
SPSCBufferBaseline,8,1024,8922645,BM_SPSCBufferBaseline<bench::data::BenchPayload<8>>/1024/min_warmup_time:0.500/repeats:20/real_time_median,/home/ethanmathew/Code/ring-buffer-benchmarks/bench/results/raw/28-04-2026-staged.json
SPSCBufferBaseline,8,4096,8280286,BM_SPSCBufferBaseline<bench::data::BenchPayload<8>>/4096/min_warmup_time:0.500/repeats:20/real_time_median,/home/ethanmathew/Code/ring-buffer-benchmarks/bench/results/raw/28-04-2026-staged.json
SPSCBufferBaseline,8,16384,8828287,BM_SPSCBufferBaseline<bench::data::BenchPayload<8>>/16384/min_warmup_time:0.500/repeats:20/real_time_median,/home/ethanmathew/Code/ring-buffer-benchmarks/bench/results/raw/28-04-2026-staged.json
SPSCBufferBaseline,8,32768,8309971,BM_SPSCBufferBaseline<bench::data::BenchPayload<8>>/32768/min_warmup_time:0.500/repeats:20/real_time_median,/home/ethanmathew/Code/ring-buffer-benchmarks/bench/results/raw/28-04-2026-staged.json
SPSCBufferBaseline,16,1,5353434,BM_SPSCBufferBaseline<bench::data::BenchPayload<16>>/1/min_warmup_time:0.500/repeats:20/real_time_median,/home/ethanmathew/Code/ring-buffer-benchmarks/bench/results/raw/28-04-2026-staged.json
SPSCBufferBaseline,16,4,8507588,BM_SPSCBufferBaseline<bench::data::BenchPayload<16>>/4/min_warmup_time:0.500/repeats:20/real_time_median,/home/ethanmathew/Code/ring-buffer-benchmarks/bench/results/raw/28-04-2026-staged.json
SPSCBufferBaseline,16,64,10011717,BM_SPSCBufferBaseline<bench::data::BenchPayload<16>>/64/min_warmup_time:0.500/repeats:20/real_time_median,/home/ethanmathew/Code/ring-buffer-benchmarks/bench/results/raw/28-04-2026-staged.json
SPSCBufferBaseline,16,256,9995210,BM_SPSCBufferBaseline<bench::data::BenchPayload<16>>/256/min_warmup_time:0.500/repeats:20/real_time_median,/home/ethanmathew/Code/ring-buffer-benchmarks/bench/results/raw/28-04-2026-staged.json
SPSCBufferBaseline,16,1024,10499111,BM_SPSCBufferBaseline<bench::data::BenchPayload<16>>/1024/min_warmup_time:0.500/repeats:20/real_time_median,/home/ethanmathew/Code/ring-buffer-benchmarks/bench/results/raw/28-04-2026-staged.json
SPSCBufferBaseline,16,4096,10278265,BM_SPSCBufferBaseline<bench::data::BenchPayload<16>>/4096/min_warmup_time:0.500/repeats:20/real_time_median,/home/ethanmathew/Code/ring-buffer-benchmarks/bench/results/raw/28-04-2026-staged.json
SPSCBufferBaseline,16,16384,10297978,BM_SPSCBufferBaseline<bench::data::BenchPayload<16>>/16384/min_warmup_time:0.500/repeats:20/real_time_median,/home/ethanmathew/Code/ring-buffer-benchmarks/bench/results/raw/28-04-2026-staged.json
SPSCBufferBaseline,16,32768,10296724,BM_SPSCBufferBaseline<bench::data::BenchPayload<16>>/32768/min_warmup_time:0.500/repeats:20/real_time_median,/home/ethanmathew/Code/ring-buffer-benchmarks/bench/results/raw/28-04-2026-staged.json
SPSCBufferBaseline,64,1,3849795,BM_SPSCBufferBaseline<bench::data::BenchPayload<64>>/1/min_warmup_time:0.500/repeats:20/real_time_median,/home/ethanmathew/Code/ring-buffer-benchmarks/bench/results/raw/28-04-2026-staged.json
SPSCBufferBaseline,64,4,8858049,BM_SPSCBufferBaseline<bench::data::BenchPayload<64>>/4/min_warmup_time:0.500/repeats:20/real_time_median,/home/ethanmathew/Code/ring-buffer-benchmarks/bench/results/raw/28-04-2026-staged.json
SPSCBufferBaseline,64,64,11180895,BM_SPSCBufferBaseline<bench::data::BenchPayload<64>>/64/min_warmup_time:0.500/repeats:20/real_time_median,/home/ethanmathew/Code/ring-buffer-benchmarks/bench/results/raw/28-04-2026-staged.json
SPSCBufferBaseline,64,256,11419200,BM_SPSCBufferBaseline<bench::data::BenchPayload<64>>/256/min_warmup_time:0.500/repeats:20/real_time_median,/home/ethanmathew/Code/ring-buffer-benchmarks/bench/results/raw/28-04-2026-staged.json
SPSCBufferBaseline,64,1024,12989417,BM_SPSCBufferBaseline<bench::data::BenchPayload<64>>/1024/min_warmup_time:0.500/repeats:20/real_time_median,/home/ethanmathew/Code/ring-buffer-benchmarks/bench/results/raw/28-04-2026-staged.json
SPSCBufferBaseline,64,4096,13098381,BM_SPSCBufferBaseline<bench::data::BenchPayload<64>>/4096/min_warmup_time:0.500/repeats:20/real_time_median,/home/ethanmathew/Code/ring-buffer-benchmarks/bench/results/raw/28-04-2026-staged.json
SPSCBufferBaseline,64,16384,11346719,BM_SPSCBufferBaseline<bench::data::BenchPayload<64>>/16384/min_warmup_time:0.500/repeats:20/real_time_median,/home/ethanmathew/Code/ring-buffer-benchmarks/bench/results/raw/28-04-2026-staged.json
SPSCBufferBaseline,64,32768,11698214,BM_SPSCBufferBaseline<bench::data::BenchPayload<64>>/32768/min_warmup_time:0.500/repeats:20/real_time_median,/home/ethanmathew/Code/ring-buffer-benchmarks/bench/results/raw/28-04-2026-staged.json
SPSCBufferBaseline,256,1,3817147,BM_SPSCBufferBaseline<bench::data::BenchPayload<256>>/1/min_warmup_time:0.500/repeats:20/real_time_median,/home/ethanmathew/Code/ring-buffer-benchmarks/bench/results/raw/28-04-2026-staged.json
SPSCBufferBaseline,256,4,10073366,BM_SPSCBufferBaseline<bench::data::BenchPayload<256>>/4/min_warmup_time:0.500/repeats:20/real_time_median,/home/ethanmathew/Code/ring-buffer-benchmarks/bench/results/raw/28-04-2026-staged.json
SPSCBufferBaseline,256,64,13397663,BM_SPSCBufferBaseline<bench::data::BenchPayload<256>>/64/min_warmup_time:0.500/repeats:20/real_time_median,/home/ethanmathew/Code/ring-buffer-benchmarks/bench/results/raw/28-04-2026-staged.json
SPSCBufferBaseline,256,256,13109310,BM_SPSCBufferBaseline<bench::data::BenchPayload<256>>/256/min_warmup_time:0.500/repeats:20/real_time_median,/home/ethanmathew/Code/ring-buffer-benchmarks/bench/results/raw/28-04-2026-staged.json
SPSCBufferBaseline,256,1024,12667273,BM_SPSCBufferBaseline<bench::data::BenchPayload<256>>/1024/min_warmup_time:0.500/repeats:20/real_time_median,/home/ethanmathew/Code/ring-buffer-benchmarks/bench/results/raw/28-04-2026-staged.json
SPSCBufferBaseline,256,4096,12970166,BM_SPSCBufferBaseline<bench::data::BenchPayload<256>>/4096/min_warmup_time:0.500/repeats:20/real_time_median,/home/ethanmathew/Code/ring-buffer-benchmarks/bench/results/raw/28-04-2026-staged.json
SPSCBufferBaseline,256,16384,13323153,BM_SPSCBufferBaseline<bench::data::BenchPayload<256>>/16384/min_warmup_time:0.500/repeats:20/real_time_median,/home/ethanmathew/Code/ring-buffer-benchmarks/bench/results/raw/28-04-2026-staged.json
SPSCBufferBaseline,256,32768,13260176,BM_SPSCBufferBaseline<bench::data::BenchPayload<256>>/32768/min_warmup_time:0.500/repeats:20/real_time_median,/home/ethanmathew/Code/ring-buffer-benchmarks/bench/results/raw/28-04-2026-staged.json
SPSCBufferStage1,1,1,4436563,BM_SPSCBufferStage1<bench::data::BenchPayload<1>>/1/min_warmup_time:0.500/repeats:20/real_time_median,/home/ethanmathew/Code/ring-buffer-benchmarks/bench/results/raw/28-04-2026-staged.json
SPSCBufferStage1,1,4,18805326,BM_SPSCBufferStage1<bench::data::BenchPayload<1>>/4/min_warmup_time:0.500/repeats:20/real_time_median,/home/ethanmathew/Code/ring-buffer-benchmarks/bench/results/raw/28-04-2026-staged.json
SPSCBufferStage1,1,64,44478781,BM_SPSCBufferStage1<bench::data::BenchPayload<1>>/64/min_warmup_time:0.500/repeats:20/real_time_median,/home/ethanmathew/Code/ring-buffer-benchmarks/bench/results/raw/28-04-2026-staged.json
SPSCBufferStage1,1,256,44632129,BM_SPSCBufferStage1<bench::data::BenchPayload<1>>/256/min_warmup_time:0.500/repeats:20/real_time_median,/home/ethanmathew/Code/ring-buffer-benchmarks/bench/results/raw/28-04-2026-staged.json
SPSCBufferStage1,1,1024,45202980,BM_SPSCBufferStage1<bench::data::BenchPayload<1>>/1024/min_warmup_time:0.500/repeats:20/real_time_median,/home/ethanmathew/Code/ring-buffer-benchmarks/bench/results/raw/28-04-2026-staged.json
SPSCBufferStage1,1,4096,44981224,BM_SPSCBufferStage1<bench::data::BenchPayload<1>>/4096/min_warmup_time:0.500/repeats:20/real_time_median,/home/ethanmathew/Code/ring-buffer-benchmarks/bench/results/raw/28-04-2026-staged.json
SPSCBufferStage1,1,16384,44911709,BM_SPSCBufferStage1<bench::data::BenchPayload<1>>/16384/min_warmup_time:0.500/repeats:20/real_time_median,/home/ethanmathew/Code/ring-buffer-benchmarks/bench/results/raw/28-04-2026-staged.json
SPSCBufferStage1,1,32768,44753187,BM_SPSCBufferStage1<bench::data::BenchPayload<1>>/32768/min_warmup_time:0.500/repeats:20/real_time_median,/home/ethanmathew/Code/ring-buffer-benchmarks/bench/results/raw/28-04-2026-staged.json
SPSCBufferStage1,2,1,4288878,BM_SPSCBufferStage1<bench::data::BenchPayload<2>>/1/min_warmup_time:0.500/repeats:20/real_time_median,/home/ethanmathew/Code/ring-buffer-benchmarks/bench/results/raw/28-04-2026-staged.json
SPSCBufferStage1,2,4,18894758,BM_SPSCBufferStage1<bench::data::BenchPayload<2>>/4/min_warmup_time:0.500/repeats:20/real_time_median,/home/ethanmathew/Code/ring-buffer-benchmarks/bench/results/raw/28-04-2026-staged.json
SPSCBufferStage1,2,64,45116582,BM_SPSCBufferStage1<bench::data::BenchPayload<2>>/64/min_warmup_time:0.500/repeats:20/real_time_median,/home/ethanmathew/Code/ring-buffer-benchmarks/bench/results/raw/28-04-2026-staged.json
SPSCBufferStage1,2,256,45534190,BM_SPSCBufferStage1<bench::data::BenchPayload<2>>/256/min_warmup_time:0.500/repeats:20/real_time_median,/home/ethanmathew/Code/ring-buffer-benchmarks/bench/results/raw/28-04-2026-staged.json
SPSCBufferStage1,2,1024,45901610,BM_SPSCBufferStage1<bench::data::BenchPayload<2>>/1024/min_warmup_time:0.500/repeats:20/real_time_median,/home/ethanmathew/Code/ring-buffer-benchmarks/bench/results/raw/28-04-2026-staged.json
SPSCBufferStage1,2,4096,45862597,BM_SPSCBufferStage1<bench::data::BenchPayload<2>>/4096/min_warmup_time:0.500/repeats:20/real_time_median,/home/ethanmathew/Code/ring-buffer-benchmarks/bench/results/raw/28-04-2026-staged.json
SPSCBufferStage1,2,16384,45900638,BM_SPSCBufferStage1<bench::data::BenchPayload<2>>/16384/min_warmup_time:0.500/repeats:20/real_time_median,/home/ethanmathew/Code/ring-buffer-benchmarks/bench/results/raw/28-04-2026-staged.json
SPSCBufferStage1,2,32768,45922687,BM_SPSCBufferStage1<bench::data::BenchPayload<2>>/32768/min_warmup_time:0.500/repeats:20/real_time_median,/home/ethanmathew/Code/ring-buffer-benchmarks/bench/results/raw/28-04-2026-staged.json
SPSCBufferStage1,4,1,4407883,BM_SPSCBufferStage1<bench::data::BenchPayload<4>>/1/min_warmup_time:0.500/repeats:20/real_time_median,/home/ethanmathew/Code/ring-buffer-benchmarks/bench/results/raw/28-04-2026-staged.json
SPSCBufferStage1,4,4,18518758,BM_SPSCBufferStage1<bench::data::BenchPayload<4>>/4/min_warmup_time:0.500/repeats:20/real_time_median,/home/ethanmathew/Code/ring-buffer-benchmarks/bench/results/raw/28-04-2026-staged.json
SPSCBufferStage1,4,64,45683753,BM_SPSCBufferStage1<bench::data::BenchPayload<4>>/64/min_warmup_time:0.500/repeats:20/real_time_median,/home/ethanmathew/Code/ring-buffer-benchmarks/bench/results/raw/28-04-2026-staged.json
SPSCBufferStage1,4,256,46055238,BM_SPSCBufferStage1<bench::data::BenchPayload<4>>/256/min_warmup_time:0.500/repeats:20/real_time_median,/home/ethanmathew/Code/ring-buffer-benchmarks/bench/results/raw/28-04-2026-staged.json
SPSCBufferStage1,4,1024,46026610,BM_SPSCBufferStage1<bench::data::BenchPayload<4>>/1024/min_warmup_time:0.500/repeats:20/real_time_median,/home/ethanmathew/Code/ring-buffer-benchmarks/bench/results/raw/28-04-2026-staged.json
SPSCBufferStage1,4,4096,46099445,BM_SPSCBufferStage1<bench::data::BenchPayload<4>>/4096/min_warmup_time:0.500/repeats:20/real_time_median,/home/ethanmathew/Code/ring-buffer-benchmarks/bench/results/raw/28-04-2026-staged.json
SPSCBufferStage1,4,16384,46254302,BM_SPSCBufferStage1<bench::data::BenchPayload<4>>/16384/min_warmup_time:0.500/repeats:20/real_time_median,/home/ethanmathew/Code/ring-buffer-benchmarks/bench/results/raw/28-04-2026-staged.json
SPSCBufferStage1,4,32768,46270525,BM_SPSCBufferStage1<bench::data::BenchPayload<4>>/32768/min_warmup_time:0.500/repeats:20/real_time_median,/home/ethanmathew/Code/ring-buffer-benchmarks/bench/results/raw/28-04-2026-staged.json
SPSCBufferStage1,8,1,4622153,BM_SPSCBufferStage1<bench::data::BenchPayload<8>>/1/min_warmup_time:0.500/repeats:20/real_time_median,/home/ethanmathew/Code/ring-buffer-benchmarks/bench/results/raw/28-04-2026-staged.json
SPSCBufferStage1,8,4,18761833,BM_SPSCBufferStage1<bench::data::BenchPayload<8>>/4/min_warmup_time:0.500/repeats:20/real_time_median,/home/ethanmathew/Code/ring-buffer-benchmarks/bench/results/raw/28-04-2026-staged.json
SPSCBufferStage1,8,64,45774320,BM_SPSCBufferStage1<bench::data::BenchPayload<8>>/64/min_warmup_time:0.500/repeats:20/real_time_median,/home/ethanmathew/Code/ring-buffer-benchmarks/bench/results/raw/28-04-2026-staged.json
SPSCBufferStage1,8,256,46062452,BM_SPSCBufferStage1<bench::data::BenchPayload<8>>/256/min_warmup_time:0.500/repeats:20/real_time_median,/home/ethanmathew/Code/ring-buffer-benchmarks/bench/results/raw/28-04-2026-staged.json
SPSCBufferStage1,8,1024,46142882,BM_SPSCBufferStage1<bench::data::BenchPayload<8>>/1024/min_warmup_time:0.500/repeats:20/real_time_median,/home/ethanmathew/Code/ring-buffer-benchmarks/bench/results/raw/28-04-2026-staged.json
SPSCBufferStage1,8,4096,46294700,BM_SPSCBufferStage1<bench::data::BenchPayload<8>>/4096/min_warmup_time:0.500/repeats:20/real_time_median,/home/ethanmathew/Code/ring-buffer-benchmarks/bench/results/raw/28-04-2026-staged.json
SPSCBufferStage1,8,16384,46299741,BM_SPSCBufferStage1<bench::data::BenchPayload<8>>/16384/min_warmup_time:0.500/repeats:20/real_time_median,/home/ethanmathew/Code/ring-buffer-benchmarks/bench/results/raw/28-04-2026-staged.json
SPSCBufferStage1,8,32768,46360794,BM_SPSCBufferStage1<bench::data::BenchPayload<8>>/32768/min_warmup_time:0.500/repeats:20/real_time_median,/home/ethanmathew/Code/ring-buffer-benchmarks/bench/results/raw/28-04-2026-staged.json
SPSCBufferStage1,16,1,4453801,BM_SPSCBufferStage1<bench::data::BenchPayload<16>>/1/min_warmup_time:0.500/repeats:20/real_time_median,/home/ethanmathew/Code/ring-buffer-benchmarks/bench/results/raw/28-04-2026-staged.json
SPSCBufferStage1,16,4,18703852,BM_SPSCBufferStage1<bench::data::BenchPayload<16>>/4/min_warmup_time:0.500/repeats:20/real_time_median,/home/ethanmathew/Code/ring-buffer-benchmarks/bench/results/raw/28-04-2026-staged.json
SPSCBufferStage1,16,64,43523072,BM_SPSCBufferStage1<bench::data::BenchPayload<16>>/64/min_warmup_time:0.500/repeats:20/real_time_median,/home/ethanmathew/Code/ring-buffer-benchmarks/bench/results/raw/28-04-2026-staged.json
SPSCBufferStage1,16,256,43798120,BM_SPSCBufferStage1<bench::data::BenchPayload<16>>/256/min_warmup_time:0.500/repeats:20/real_time_median,/home/ethanmathew/Code/ring-buffer-benchmarks/bench/results/raw/28-04-2026-staged.json
SPSCBufferStage1,16,1024,44378701,BM_SPSCBufferStage1<bench::data::BenchPayload<16>>/1024/min_warmup_time:0.500/repeats:20/real_time_median,/home/ethanmathew/Code/ring-buffer-benchmarks/bench/results/raw/28-04-2026-staged.json
SPSCBufferStage1,16,4096,44140186,BM_SPSCBufferStage1<bench::data::BenchPayload<16>>/4096/min_warmup_time:0.500/repeats:20/real_time_median,/home/ethanmathew/Code/ring-buffer-benchmarks/bench/results/raw/28-04-2026-staged.json
SPSCBufferStage1,16,16384,44557667,BM_SPSCBufferStage1<bench::data::BenchPayload<16>>/16384/min_warmup_time:0.500/repeats:20/real_time_median,/home/ethanmathew/Code/ring-buffer-benchmarks/bench/results/raw/28-04-2026-staged.json
SPSCBufferStage1,16,32768,44459290,BM_SPSCBufferStage1<bench::data::BenchPayload<16>>/32768/min_warmup_time:0.500/repeats:20/real_time_median,/home/ethanmathew/Code/ring-buffer-benchmarks/bench/results/raw/28-04-2026-staged.json
SPSCBufferStage1,64,1,4441527,BM_SPSCBufferStage1<bench::data::BenchPayload<64>>/1/min_warmup_time:0.500/repeats:20/real_time_median,/home/ethanmathew/Code/ring-buffer-benchmarks/bench/results/raw/28-04-2026-staged.json
SPSCBufferStage1,64,4,16996842,BM_SPSCBufferStage1<bench::data::BenchPayload<64>>/4/min_warmup_time:0.500/repeats:20/real_time_median,/home/ethanmathew/Code/ring-buffer-benchmarks/bench/results/raw/28-04-2026-staged.json
SPSCBufferStage1,64,64,60113013,BM_SPSCBufferStage1<bench::data::BenchPayload<64>>/64/min_warmup_time:0.500/repeats:20/real_time_median,/home/ethanmathew/Code/ring-buffer-benchmarks/bench/results/raw/28-04-2026-staged.json
SPSCBufferStage1,64,256,59744628,BM_SPSCBufferStage1<bench::data::BenchPayload<64>>/256/min_warmup_time:0.500/repeats:20/real_time_median,/home/ethanmathew/Code/ring-buffer-benchmarks/bench/results/raw/28-04-2026-staged.json
SPSCBufferStage1,64,1024,58657717,BM_SPSCBufferStage1<bench::data::BenchPayload<64>>/1024/min_warmup_time:0.500/repeats:20/real_time_median,/home/ethanmathew/Code/ring-buffer-benchmarks/bench/results/raw/28-04-2026-staged.json
SPSCBufferStage1,64,4096,58195968,BM_SPSCBufferStage1<bench::data::BenchPayload<64>>/4096/min_warmup_time:0.500/repeats:20/real_time_median,/home/ethanmathew/Code/ring-buffer-benchmarks/bench/results/raw/28-04-2026-staged.json
SPSCBufferStage1,64,16384,57787115,BM_SPSCBufferStage1<bench::data::BenchPayload<64>>/16384/min_warmup_time:0.500/repeats:20/real_time_median,/home/ethanmathew/Code/ring-buffer-benchmarks/bench/results/raw/28-04-2026-staged.json
SPSCBufferStage1,64,32768,58204421,BM_SPSCBufferStage1<bench::data::BenchPayload<64>>/32768/min_warmup_time:0.500/repeats:20/real_time_median,/home/ethanmathew/Code/ring-buffer-benchmarks/bench/results/raw/28-04-2026-staged.json
SPSCBufferStage1,256,1,4425052,BM_SPSCBufferStage1<bench::data::BenchPayload<256>>/1/min_warmup_time:0.500/repeats:20/real_time_median,/home/ethanmathew/Code/ring-buffer-benchmarks/bench/results/raw/28-04-2026-staged.json
SPSCBufferStage1,256,4,16820822,BM_SPSCBufferStage1<bench::data::BenchPayload<256>>/4/min_warmup_time:0.500/repeats:20/real_time_median,/home/ethanmathew/Code/ring-buffer-benchmarks/bench/results/raw/28-04-2026-staged.json
SPSCBufferStage1,256,64,39762835,BM_SPSCBufferStage1<bench::data::BenchPayload<256>>/64/min_warmup_time:0.500/repeats:20/real_time_median,/home/ethanmathew/Code/ring-buffer-benchmarks/bench/results/raw/28-04-2026-staged.json
SPSCBufferStage1,256,256,40006263,BM_SPSCBufferStage1<bench::data::BenchPayload<256>>/256/min_warmup_time:0.500/repeats:20/real_time_median,/home/ethanmathew/Code/ring-buffer-benchmarks/bench/results/raw/28-04-2026-staged.json
SPSCBufferStage1,256,1024,39743193,BM_SPSCBufferStage1<bench::data::BenchPayload<256>>/1024/min_warmup_time:0.500/repeats:20/real_time_median,/home/ethanmathew/Code/ring-buffer-benchmarks/bench/results/raw/28-04-2026-staged.json
SPSCBufferStage1,256,4096,39313592,BM_SPSCBufferStage1<bench::data::BenchPayload<256>>/4096/min_warmup_time:0.500/repeats:20/real_time_median,/home/ethanmathew/Code/ring-buffer-benchmarks/bench/results/raw/28-04-2026-staged.json
SPSCBufferStage1,256,16384,39287608,BM_SPSCBufferStage1<bench::data::BenchPayload<256>>/16384/min_warmup_time:0.500/repeats:20/real_time_median,/home/ethanmathew/Code/ring-buffer-benchmarks/bench/results/raw/28-04-2026-staged.json
SPSCBufferStage1,256,32768,39378818,BM_SPSCBufferStage1<bench::data::BenchPayload<256>>/32768/min_warmup_time:0.500/repeats:20/real_time_median,/home/ethanmathew/Code/ring-buffer-benchmarks/bench/results/raw/28-04-2026-staged.json
SPSCBufferStage2,1,1,4417552,BM_SPSCBufferStage2<bench::data::BenchPayload<1>>/1/min_warmup_time:0.500/repeats:20/real_time_median,/home/ethanmathew/Code/ring-buffer-benchmarks/bench/results/raw/28-04-2026-staged.json
SPSCBufferStage2,1,4,16767072,BM_SPSCBufferStage2<bench::data::BenchPayload<1>>/4/min_warmup_time:0.500/repeats:20/real_time_median,/home/ethanmathew/Code/ring-buffer-benchmarks/bench/results/raw/28-04-2026-staged.json
SPSCBufferStage2,1,64,32774391,BM_SPSCBufferStage2<bench::data::BenchPayload<1>>/64/min_warmup_time:0.500/repeats:20/real_time_median,/home/ethanmathew/Code/ring-buffer-benchmarks/bench/results/raw/28-04-2026-staged.json
SPSCBufferStage2,1,256,32832129,BM_SPSCBufferStage2<bench::data::BenchPayload<1>>/256/min_warmup_time:0.500/repeats:20/real_time_median,/home/ethanmathew/Code/ring-buffer-benchmarks/bench/results/raw/28-04-2026-staged.json
SPSCBufferStage2,1,1024,32493712,BM_SPSCBufferStage2<bench::data::BenchPayload<1>>/1024/min_warmup_time:0.500/repeats:20/real_time_median,/home/ethanmathew/Code/ring-buffer-benchmarks/bench/results/raw/28-04-2026-staged.json
SPSCBufferStage2,1,4096,32539098,BM_SPSCBufferStage2<bench::data::BenchPayload<1>>/4096/min_warmup_time:0.500/repeats:20/real_time_median,/home/ethanmathew/Code/ring-buffer-benchmarks/bench/results/raw/28-04-2026-staged.json
SPSCBufferStage2,1,16384,32579622,BM_SPSCBufferStage2<bench::data::BenchPayload<1>>/16384/min_warmup_time:0.500/repeats:20/real_time_median,/home/ethanmathew/Code/ring-buffer-benchmarks/bench/results/raw/28-04-2026-staged.json
SPSCBufferStage2,1,32768,32601390,BM_SPSCBufferStage2<bench::data::BenchPayload<1>>/32768/min_warmup_time:0.500/repeats:20/real_time_median,/home/ethanmathew/Code/ring-buffer-benchmarks/bench/results/raw/28-04-2026-staged.json
SPSCBufferStage2,2,1,4423360,BM_SPSCBufferStage2<bench::data::BenchPayload<2>>/1/min_warmup_time:0.500/repeats:20/real_time_median,/home/ethanmathew/Code/ring-buffer-benchmarks/bench/results/raw/28-04-2026-staged.json
SPSCBufferStage2,2,4,16750051,BM_SPSCBufferStage2<bench::data::BenchPayload<2>>/4/min_warmup_time:0.500/repeats:20/real_time_median,/home/ethanmathew/Code/ring-buffer-benchmarks/bench/results/raw/28-04-2026-staged.json
SPSCBufferStage2,2,64,31606602,BM_SPSCBufferStage2<bench::data::BenchPayload<2>>/64/min_warmup_time:0.500/repeats:20/real_time_median,/home/ethanmathew/Code/ring-buffer-benchmarks/bench/results/raw/28-04-2026-staged.json
SPSCBufferStage2,2,256,31839251,BM_SPSCBufferStage2<bench::data::BenchPayload<2>>/256/min_warmup_time:0.500/repeats:20/real_time_median,/home/ethanmathew/Code/ring-buffer-benchmarks/bench/results/raw/28-04-2026-staged.json
SPSCBufferStage2,2,1024,31545646,BM_SPSCBufferStage2<bench::data::BenchPayload<2>>/1024/min_warmup_time:0.500/repeats:20/real_time_median,/home/ethanmathew/Code/ring-buffer-benchmarks/bench/results/raw/28-04-2026-staged.json
SPSCBufferStage2,2,4096,31563069,BM_SPSCBufferStage2<bench::data::BenchPayload<2>>/4096/min_warmup_time:0.500/repeats:20/real_time_median,/home/ethanmathew/Code/ring-buffer-benchmarks/bench/results/raw/28-04-2026-staged.json
SPSCBufferStage2,2,16384,31452638,BM_SPSCBufferStage2<bench::data::BenchPayload<2>>/16384/min_warmup_time:0.500/repeats:20/real_time_median,/home/ethanmathew/Code/ring-buffer-benchmarks/bench/results/raw/28-04-2026-staged.json
SPSCBufferStage2,2,32768,31530280,BM_SPSCBufferStage2<bench::data::BenchPayload<2>>/32768/min_warmup_time:0.500/repeats:20/real_time_median,/home/ethanmathew/Code/ring-buffer-benchmarks/bench/results/raw/28-04-2026-staged.json
SPSCBufferStage2,4,1,4427853,BM_SPSCBufferStage2<bench::data::BenchPayload<4>>/1/min_warmup_time:0.500/repeats:20/real_time_median,/home/ethanmathew/Code/ring-buffer-benchmarks/bench/results/raw/28-04-2026-staged.json
SPSCBufferStage2,4,4,15949325,BM_SPSCBufferStage2<bench::data::BenchPayload<4>>/4/min_warmup_time:0.500/repeats:20/real_time_median,/home/ethanmathew/Code/ring-buffer-benchmarks/bench/results/raw/28-04-2026-staged.json
SPSCBufferStage2,4,64,31924081,BM_SPSCBufferStage2<bench::data::BenchPayload<4>>/64/min_warmup_time:0.500/repeats:20/real_time_median,/home/ethanmathew/Code/ring-buffer-benchmarks/bench/results/raw/28-04-2026-staged.json
SPSCBufferStage2,4,256,32101900,BM_SPSCBufferStage2<bench::data::BenchPayload<4>>/256/min_warmup_time:0.500/repeats:20/real_time_median,/home/ethanmathew/Code/ring-buffer-benchmarks/bench/results/raw/28-04-2026-staged.json
SPSCBufferStage2,4,1024,31462544,BM_SPSCBufferStage2<bench::data::BenchPayload<4>>/1024/min_warmup_time:0.500/repeats:20/real_time_median,/home/ethanmathew/Code/ring-buffer-benchmarks/bench/results/raw/28-04-2026-staged.json
SPSCBufferStage2,4,4096,31713475,BM_SPSCBufferStage2<bench::data::BenchPayload<4>>/4096/min_warmup_time:0.500/repeats:20/real_time_median,/home/ethanmathew/Code/ring-buffer-benchmarks/bench/results/raw/28-04-2026-staged.json
SPSCBufferStage2,4,16384,31729692,BM_SPSCBufferStage2<bench::data::BenchPayload<4>>/16384/min_warmup_time:0.500/repeats:20/real_time_median,/home/ethanmathew/Code/ring-buffer-benchmarks/bench/results/raw/28-04-2026-staged.json
SPSCBufferStage2,4,32768,31693151,BM_SPSCBufferStage2<bench::data::BenchPayload<4>>/32768/min_warmup_time:0.500/repeats:20/real_time_median,/home/ethanmathew/Code/ring-buffer-benchmarks/bench/results/raw/28-04-2026-staged.json
SPSCBufferStage2,8,1,4430519,BM_SPSCBufferStage2<bench::data::BenchPayload<8>>/1/min_warmup_time:0.500/repeats:20/real_time_median,/home/ethanmathew/Code/ring-buffer-benchmarks/bench/results/raw/28-04-2026-staged.json
SPSCBufferStage2,8,4,16761878,BM_SPSCBufferStage2<bench::data::BenchPayload<8>>/4/min_warmup_time:0.500/repeats:20/real_time_median,/home/ethanmathew/Code/ring-buffer-benchmarks/bench/results/raw/28-04-2026-staged.json
SPSCBufferStage2,8,64,31917868,BM_SPSCBufferStage2<bench::data::BenchPayload<8>>/64/min_warmup_time:0.500/repeats:20/real_time_median,/home/ethanmathew/Code/ring-buffer-benchmarks/bench/results/raw/28-04-2026-staged.json
SPSCBufferStage2,8,256,32060913,BM_SPSCBufferStage2<bench::data::BenchPayload<8>>/256/min_warmup_time:0.500/repeats:20/real_time_median,/home/ethanmathew/Code/ring-buffer-benchmarks/bench/results/raw/28-04-2026-staged.json
SPSCBufferStage2,8,1024,31891150,BM_SPSCBufferStage2<bench::data::BenchPayload<8>>/1024/min_warmup_time:0.500/repeats:20/real_time_median,/home/ethanmathew/Code/ring-buffer-benchmarks/bench/results/raw/28-04-2026-staged.json
SPSCBufferStage2,8,4096,31682535,BM_SPSCBufferStage2<bench::data::BenchPayload<8>>/4096/min_warmup_time:0.500/repeats:20/real_time_median,/home/ethanmathew/Code/ring-buffer-benchmarks/bench/results/raw/28-04-2026-staged.json
SPSCBufferStage2,8,16384,31655099,BM_SPSCBufferStage2<bench::data::BenchPayload<8>>/16384/min_warmup_time:0.500/repeats:20/real_time_median,/home/ethanmathew/Code/ring-buffer-benchmarks/bench/results/raw/28-04-2026-staged.json
SPSCBufferStage2,8,32768,31753302,BM_SPSCBufferStage2<bench::data::BenchPayload<8>>/32768/min_warmup_time:0.500/repeats:20/real_time_median,/home/ethanmathew/Code/ring-buffer-benchmarks/bench/results/raw/28-04-2026-staged.json
SPSCBufferStage2,16,1,4433732,BM_SPSCBufferStage2<bench::data::BenchPayload<16>>/1/min_warmup_time:0.500/repeats:20/real_time_median,/home/ethanmathew/Code/ring-buffer-benchmarks/bench/results/raw/28-04-2026-staged.json
SPSCBufferStage2,16,4,16796616,BM_SPSCBufferStage2<bench::data::BenchPayload<16>>/4/min_warmup_time:0.500/repeats:20/real_time_median,/home/ethanmathew/Code/ring-buffer-benchmarks/bench/results/raw/28-04-2026-staged.json
SPSCBufferStage2,16,64,32417727,BM_SPSCBufferStage2<bench::data::BenchPayload<16>>/64/min_warmup_time:0.500/repeats:20/real_time_median,/home/ethanmathew/Code/ring-buffer-benchmarks/bench/results/raw/28-04-2026-staged.json
SPSCBufferStage2,16,256,32830786,BM_SPSCBufferStage2<bench::data::BenchPayload<16>>/256/min_warmup_time:0.500/repeats:20/real_time_median,/home/ethanmathew/Code/ring-buffer-benchmarks/bench/results/raw/28-04-2026-staged.json
SPSCBufferStage2,16,1024,31999305,BM_SPSCBufferStage2<bench::data::BenchPayload<16>>/1024/min_warmup_time:0.500/repeats:20/real_time_median,/home/ethanmathew/Code/ring-buffer-benchmarks/bench/results/raw/28-04-2026-staged.json
SPSCBufferStage2,16,4096,32717925,BM_SPSCBufferStage2<bench::data::BenchPayload<16>>/4096/min_warmup_time:0.500/repeats:20/real_time_median,/home/ethanmathew/Code/ring-buffer-benchmarks/bench/results/raw/28-04-2026-staged.json
SPSCBufferStage2,16,16384,32037962,BM_SPSCBufferStage2<bench::data::BenchPayload<16>>/16384/min_warmup_time:0.500/repeats:20/real_time_median,/home/ethanmathew/Code/ring-buffer-benchmarks/bench/results/raw/28-04-2026-staged.json
SPSCBufferStage2,16,32768,32758187,BM_SPSCBufferStage2<bench::data::BenchPayload<16>>/32768/min_warmup_time:0.500/repeats:20/real_time_median,/home/ethanmathew/Code/ring-buffer-benchmarks/bench/results/raw/28-04-2026-staged.json
SPSCBufferStage2,64,1,4441379,BM_SPSCBufferStage2<bench::data::BenchPayload<64>>/1/min_warmup_time:0.500/repeats:20/real_time_median,/home/ethanmathew/Code/ring-buffer-benchmarks/bench/results/raw/28-04-2026-staged.json
SPSCBufferStage2,64,4,16905713,BM_SPSCBufferStage2<bench::data::BenchPayload<64>>/4/min_warmup_time:0.500/repeats:20/real_time_median,/home/ethanmathew/Code/ring-buffer-benchmarks/bench/results/raw/28-04-2026-staged.json
SPSCBufferStage2,64,64,20694428,BM_SPSCBufferStage2<bench::data::BenchPayload<64>>/64/min_warmup_time:0.500/repeats:20/real_time_median,/home/ethanmathew/Code/ring-buffer-benchmarks/bench/results/raw/28-04-2026-staged.json
SPSCBufferStage2,64,256,20919531,BM_SPSCBufferStage2<bench::data::BenchPayload<64>>/256/min_warmup_time:0.500/repeats:20/real_time_median,/home/ethanmathew/Code/ring-buffer-benchmarks/bench/results/raw/28-04-2026-staged.json
SPSCBufferStage2,64,1024,21532631,BM_SPSCBufferStage2<bench::data::BenchPayload<64>>/1024/min_warmup_time:0.500/repeats:20/real_time_median,/home/ethanmathew/Code/ring-buffer-benchmarks/bench/results/raw/28-04-2026-staged.json
SPSCBufferStage2,64,4096,20866580,BM_SPSCBufferStage2<bench::data::BenchPayload<64>>/4096/min_warmup_time:0.500/repeats:20/real_time_median,/home/ethanmathew/Code/ring-buffer-benchmarks/bench/results/raw/28-04-2026-staged.json
SPSCBufferStage2,64,16384,20920976,BM_SPSCBufferStage2<bench::data::BenchPayload<64>>/16384/min_warmup_time:0.500/repeats:20/real_time_median,/home/ethanmathew/Code/ring-buffer-benchmarks/bench/results/raw/28-04-2026-staged.json
SPSCBufferStage2,64,32768,21145444,BM_SPSCBufferStage2<bench::data::BenchPayload<64>>/32768/min_warmup_time:0.500/repeats:20/real_time_median,/home/ethanmathew/Code/ring-buffer-benchmarks/bench/results/raw/28-04-2026-staged.json
SPSCBufferStage2,256,1,4431944,BM_SPSCBufferStage2<bench::data::BenchPayload<256>>/1/min_warmup_time:0.500/repeats:20/real_time_median,/home/ethanmathew/Code/ring-buffer-benchmarks/bench/results/raw/28-04-2026-staged.json
SPSCBufferStage2,256,4,16763272,BM_SPSCBufferStage2<bench::data::BenchPayload<256>>/4/min_warmup_time:0.500/repeats:20/real_time_median,/home/ethanmathew/Code/ring-buffer-benchmarks/bench/results/raw/28-04-2026-staged.json
SPSCBufferStage2,256,64,37090553,BM_SPSCBufferStage2<bench::data::BenchPayload<256>>/64/min_warmup_time:0.500/repeats:20/real_time_median,/home/ethanmathew/Code/ring-buffer-benchmarks/bench/results/raw/28-04-2026-staged.json
SPSCBufferStage2,256,256,37151168,BM_SPSCBufferStage2<bench::data::BenchPayload<256>>/256/min_warmup_time:0.500/repeats:20/real_time_median,/home/ethanmathew/Code/ring-buffer-benchmarks/bench/results/raw/28-04-2026-staged.json
SPSCBufferStage2,256,1024,36293560,BM_SPSCBufferStage2<bench::data::BenchPayload<256>>/1024/min_warmup_time:0.500/repeats:20/real_time_median,/home/ethanmathew/Code/ring-buffer-benchmarks/bench/results/raw/28-04-2026-staged.json
SPSCBufferStage2,256,4096,35581992,BM_SPSCBufferStage2<bench::data::BenchPayload<256>>/4096/min_warmup_time:0.500/repeats:20/real_time_median,/home/ethanmathew/Code/ring-buffer-benchmarks/bench/results/raw/28-04-2026-staged.json
SPSCBufferStage2,256,16384,35635703,BM_SPSCBufferStage2<bench::data::BenchPayload<256>>/16384/min_warmup_time:0.500/repeats:20/real_time_median,/home/ethanmathew/Code/ring-buffer-benchmarks/bench/results/raw/28-04-2026-staged.json
SPSCBufferStage2,256,32768,35566887,BM_SPSCBufferStage2<bench::data::BenchPayload<256>>/32768/min_warmup_time:0.500/repeats:20/real_time_median,/home/ethanmathew/Code/ring-buffer-benchmarks/bench/results/raw/28-04-2026-staged.json
SPSCBufferStage3,1,1,4399089,BM_SPSCBufferStage3<bench::data::BenchPayload<1>>/1/min_warmup_time:0.500/repeats:20/real_time_median,/home/ethanmathew/Code/ring-buffer-benchmarks/bench/results/raw/28-04-2026-staged.json
SPSCBufferStage3,1,4,12311151,BM_SPSCBufferStage3<bench::data::BenchPayload<1>>/4/min_warmup_time:0.500/repeats:20/real_time_median,/home/ethanmathew/Code/ring-buffer-benchmarks/bench/results/raw/28-04-2026-staged.json
SPSCBufferStage3,1,64,71921750,BM_SPSCBufferStage3<bench::data::BenchPayload<1>>/64/min_warmup_time:0.500/repeats:20/real_time_median,/home/ethanmathew/Code/ring-buffer-benchmarks/bench/results/raw/28-04-2026-staged.json
SPSCBufferStage3,1,256,78773338,BM_SPSCBufferStage3<bench::data::BenchPayload<1>>/256/min_warmup_time:0.500/repeats:20/real_time_median,/home/ethanmathew/Code/ring-buffer-benchmarks/bench/results/raw/28-04-2026-staged.json
SPSCBufferStage3,1,1024,81180334,BM_SPSCBufferStage3<bench::data::BenchPayload<1>>/1024/min_warmup_time:0.500/repeats:20/real_time_median,/home/ethanmathew/Code/ring-buffer-benchmarks/bench/results/raw/28-04-2026-staged.json
SPSCBufferStage3,1,4096,82674284,BM_SPSCBufferStage3<bench::data::BenchPayload<1>>/4096/min_warmup_time:0.500/repeats:20/real_time_median,/home/ethanmathew/Code/ring-buffer-benchmarks/bench/results/raw/28-04-2026-staged.json
SPSCBufferStage3,1,16384,82384456,BM_SPSCBufferStage3<bench::data::BenchPayload<1>>/16384/min_warmup_time:0.500/repeats:20/real_time_median,/home/ethanmathew/Code/ring-buffer-benchmarks/bench/results/raw/28-04-2026-staged.json
SPSCBufferStage3,1,32768,79796509,BM_SPSCBufferStage3<bench::data::BenchPayload<1>>/32768/min_warmup_time:0.500/repeats:20/real_time_median,/home/ethanmathew/Code/ring-buffer-benchmarks/bench/results/raw/28-04-2026-staged.json
SPSCBufferStage3,2,1,4421429,BM_SPSCBufferStage3<bench::data::BenchPayload<2>>/1/min_warmup_time:0.500/repeats:20/real_time_median,/home/ethanmathew/Code/ring-buffer-benchmarks/bench/results/raw/28-04-2026-staged.json
SPSCBufferStage3,2,4,12521901,BM_SPSCBufferStage3<bench::data::BenchPayload<2>>/4/min_warmup_time:0.500/repeats:20/real_time_median,/home/ethanmathew/Code/ring-buffer-benchmarks/bench/results/raw/28-04-2026-staged.json
SPSCBufferStage3,2,64,67669450,BM_SPSCBufferStage3<bench::data::BenchPayload<2>>/64/min_warmup_time:0.500/repeats:20/real_time_median,/home/ethanmathew/Code/ring-buffer-benchmarks/bench/results/raw/28-04-2026-staged.json
SPSCBufferStage3,2,256,70837233,BM_SPSCBufferStage3<bench::data::BenchPayload<2>>/256/min_warmup_time:0.500/repeats:20/real_time_median,/home/ethanmathew/Code/ring-buffer-benchmarks/bench/results/raw/28-04-2026-staged.json
SPSCBufferStage3,2,1024,76378711,BM_SPSCBufferStage3<bench::data::BenchPayload<2>>/1024/min_warmup_time:0.500/repeats:20/real_time_median,/home/ethanmathew/Code/ring-buffer-benchmarks/bench/results/raw/28-04-2026-staged.json
SPSCBufferStage3,2,4096,74421141,BM_SPSCBufferStage3<bench::data::BenchPayload<2>>/4096/min_warmup_time:0.500/repeats:20/real_time_median,/home/ethanmathew/Code/ring-buffer-benchmarks/bench/results/raw/28-04-2026-staged.json
SPSCBufferStage3,2,16384,74667447,BM_SPSCBufferStage3<bench::data::BenchPayload<2>>/16384/min_warmup_time:0.500/repeats:20/real_time_median,/home/ethanmathew/Code/ring-buffer-benchmarks/bench/results/raw/28-04-2026-staged.json
SPSCBufferStage3,2,32768,74883125,BM_SPSCBufferStage3<bench::data::BenchPayload<2>>/32768/min_warmup_time:0.500/repeats:20/real_time_median,/home/ethanmathew/Code/ring-buffer-benchmarks/bench/results/raw/28-04-2026-staged.json
SPSCBufferStage3,4,1,4433343,BM_SPSCBufferStage3<bench::data::BenchPayload<4>>/1/min_warmup_time:0.500/repeats:20/real_time_median,/home/ethanmathew/Code/ring-buffer-benchmarks/bench/results/raw/28-04-2026-staged.json
SPSCBufferStage3,4,4,12891556,BM_SPSCBufferStage3<bench::data::BenchPayload<4>>/4/min_warmup_time:0.500/repeats:20/real_time_median,/home/ethanmathew/Code/ring-buffer-benchmarks/bench/results/raw/28-04-2026-staged.json
SPSCBufferStage3,4,64,69624547,BM_SPSCBufferStage3<bench::data::BenchPayload<4>>/64/min_warmup_time:0.500/repeats:20/real_time_median,/home/ethanmathew/Code/ring-buffer-benchmarks/bench/results/raw/28-04-2026-staged.json
SPSCBufferStage3,4,256,70868848,BM_SPSCBufferStage3<bench::data::BenchPayload<4>>/256/min_warmup_time:0.500/repeats:20/real_time_median,/home/ethanmathew/Code/ring-buffer-benchmarks/bench/results/raw/28-04-2026-staged.json
SPSCBufferStage3,4,1024,77012459,BM_SPSCBufferStage3<bench::data::BenchPayload<4>>/1024/min_warmup_time:0.500/repeats:20/real_time_median,/home/ethanmathew/Code/ring-buffer-benchmarks/bench/results/raw/28-04-2026-staged.json
SPSCBufferStage3,4,4096,73866182,BM_SPSCBufferStage3<bench::data::BenchPayload<4>>/4096/min_warmup_time:0.500/repeats:20/real_time_median,/home/ethanmathew/Code/ring-buffer-benchmarks/bench/results/raw/28-04-2026-staged.json
SPSCBufferStage3,4,16384,73716372,BM_SPSCBufferStage3<bench::data::BenchPayload<4>>/16384/min_warmup_time:0.500/repeats:20/real_time_median,/home/ethanmathew/Code/ring-buffer-benchmarks/bench/results/raw/28-04-2026-staged.json
SPSCBufferStage3,4,32768,73476443,BM_SPSCBufferStage3<bench::data::BenchPayload<4>>/32768/min_warmup_time:0.500/repeats:20/real_time_median,/home/ethanmathew/Code/ring-buffer-benchmarks/bench/results/raw/28-04-2026-staged.json
SPSCBufferStage3,8,1,4384897,BM_SPSCBufferStage3<bench::data::BenchPayload<8>>/1/min_warmup_time:0.500/repeats:20/real_time_median,/home/ethanmathew/Code/ring-buffer-benchmarks/bench/results/raw/28-04-2026-staged.json
SPSCBufferStage3,8,4,12461397,BM_SPSCBufferStage3<bench::data::BenchPayload<8>>/4/min_warmup_time:0.500/repeats:20/real_time_median,/home/ethanmathew/Code/ring-buffer-benchmarks/bench/results/raw/28-04-2026-staged.json
SPSCBufferStage3,8,64,69299833,BM_SPSCBufferStage3<bench::data::BenchPayload<8>>/64/min_warmup_time:0.500/repeats:20/real_time_median,/home/ethanmathew/Code/ring-buffer-benchmarks/bench/results/raw/28-04-2026-staged.json
SPSCBufferStage3,8,256,73035448,BM_SPSCBufferStage3<bench::data::BenchPayload<8>>/256/min_warmup_time:0.500/repeats:20/real_time_median,/home/ethanmathew/Code/ring-buffer-benchmarks/bench/results/raw/28-04-2026-staged.json
SPSCBufferStage3,8,1024,77369404,BM_SPSCBufferStage3<bench::data::BenchPayload<8>>/1024/min_warmup_time:0.500/repeats:20/real_time_median,/home/ethanmathew/Code/ring-buffer-benchmarks/bench/results/raw/28-04-2026-staged.json
SPSCBufferStage3,8,4096,76387975,BM_SPSCBufferStage3<bench::data::BenchPayload<8>>/4096/min_warmup_time:0.500/repeats:20/real_time_median,/home/ethanmathew/Code/ring-buffer-benchmarks/bench/results/raw/28-04-2026-staged.json
SPSCBufferStage3,8,16384,77530147,BM_SPSCBufferStage3<bench::data::BenchPayload<8>>/16384/min_warmup_time:0.500/repeats:20/real_time_median,/home/ethanmathew/Code/ring-buffer-benchmarks/bench/results/raw/28-04-2026-staged.json
SPSCBufferStage3,8,32768,76319525,BM_SPSCBufferStage3<bench::data::BenchPayload<8>>/32768/min_warmup_time:0.500/repeats:20/real_time_median,/home/ethanmathew/Code/ring-buffer-benchmarks/bench/results/raw/28-04-2026-staged.json
SPSCBufferStage3,16,1,4421292,BM_SPSCBufferStage3<bench::data::BenchPayload<16>>/1/min_warmup_time:0.500/repeats:20/real_time_median,/home/ethanmathew/Code/ring-buffer-benchmarks/bench/results/raw/28-04-2026-staged.json
SPSCBufferStage3,16,4,12529159,BM_SPSCBufferStage3<bench::data::BenchPayload<16>>/4/min_warmup_time:0.500/repeats:20/real_time_median,/home/ethanmathew/Code/ring-buffer-benchmarks/bench/results/raw/28-04-2026-staged.json
SPSCBufferStage3,16,64,73261629,BM_SPSCBufferStage3<bench::data::BenchPayload<16>>/64/min_warmup_time:0.500/repeats:20/real_time_median,/home/ethanmathew/Code/ring-buffer-benchmarks/bench/results/raw/28-04-2026-staged.json
SPSCBufferStage3,16,256,78950585,BM_SPSCBufferStage3<bench::data::BenchPayload<16>>/256/min_warmup_time:0.500/repeats:20/real_time_median,/home/ethanmathew/Code/ring-buffer-benchmarks/bench/results/raw/28-04-2026-staged.json
SPSCBufferStage3,16,1024,81055770,BM_SPSCBufferStage3<bench::data::BenchPayload<16>>/1024/min_warmup_time:0.500/repeats:20/real_time_median,/home/ethanmathew/Code/ring-buffer-benchmarks/bench/results/raw/28-04-2026-staged.json
SPSCBufferStage3,16,4096,80402690,BM_SPSCBufferStage3<bench::data::BenchPayload<16>>/4096/min_warmup_time:0.500/repeats:20/real_time_median,/home/ethanmathew/Code/ring-buffer-benchmarks/bench/results/raw/28-04-2026-staged.json
SPSCBufferStage3,16,16384,80994199,BM_SPSCBufferStage3<bench::data::BenchPayload<16>>/16384/min_warmup_time:0.500/repeats:20/real_time_median,/home/ethanmathew/Code/ring-buffer-benchmarks/bench/results/raw/28-04-2026-staged.json
SPSCBufferStage3,16,32768,80270726,BM_SPSCBufferStage3<bench::data::BenchPayload<16>>/32768/min_warmup_time:0.500/repeats:20/real_time_median,/home/ethanmathew/Code/ring-buffer-benchmarks/bench/results/raw/28-04-2026-staged.json
SPSCBufferStage3,64,1,4410695,BM_SPSCBufferStage3<bench::data::BenchPayload<64>>/1/min_warmup_time:0.500/repeats:20/real_time_median,/home/ethanmathew/Code/ring-buffer-benchmarks/bench/results/raw/28-04-2026-staged.json
SPSCBufferStage3,64,4,14958612,BM_SPSCBufferStage3<bench::data::BenchPayload<64>>/4/min_warmup_time:0.500/repeats:20/real_time_median,/home/ethanmathew/Code/ring-buffer-benchmarks/bench/results/raw/28-04-2026-staged.json
SPSCBufferStage3,64,64,68686547,BM_SPSCBufferStage3<bench::data::BenchPayload<64>>/64/min_warmup_time:0.500/repeats:20/real_time_median,/home/ethanmathew/Code/ring-buffer-benchmarks/bench/results/raw/28-04-2026-staged.json
SPSCBufferStage3,64,256,70992641,BM_SPSCBufferStage3<bench::data::BenchPayload<64>>/256/min_warmup_time:0.500/repeats:20/real_time_median,/home/ethanmathew/Code/ring-buffer-benchmarks/bench/results/raw/28-04-2026-staged.json
SPSCBufferStage3,64,1024,73721453,BM_SPSCBufferStage3<bench::data::BenchPayload<64>>/1024/min_warmup_time:0.500/repeats:20/real_time_median,/home/ethanmathew/Code/ring-buffer-benchmarks/bench/results/raw/28-04-2026-staged.json
SPSCBufferStage3,64,4096,75695038,BM_SPSCBufferStage3<bench::data::BenchPayload<64>>/4096/min_warmup_time:0.500/repeats:20/real_time_median,/home/ethanmathew/Code/ring-buffer-benchmarks/bench/results/raw/28-04-2026-staged.json
SPSCBufferStage3,64,16384,77020521,BM_SPSCBufferStage3<bench::data::BenchPayload<64>>/16384/min_warmup_time:0.500/repeats:20/real_time_median,/home/ethanmathew/Code/ring-buffer-benchmarks/bench/results/raw/28-04-2026-staged.json
SPSCBufferStage3,64,32768,77116096,BM_SPSCBufferStage3<bench::data::BenchPayload<64>>/32768/min_warmup_time:0.500/repeats:20/real_time_median,/home/ethanmathew/Code/ring-buffer-benchmarks/bench/results/raw/28-04-2026-staged.json
SPSCBufferStage3,256,1,4424975,BM_SPSCBufferStage3<bench::data::BenchPayload<256>>/1/min_warmup_time:0.500/repeats:20/real_time_median,/home/ethanmathew/Code/ring-buffer-benchmarks/bench/results/raw/28-04-2026-staged.json
SPSCBufferStage3,256,4,12500441,BM_SPSCBufferStage3<bench::data::BenchPayload<256>>/4/min_warmup_time:0.500/repeats:20/real_time_median,/home/ethanmathew/Code/ring-buffer-benchmarks/bench/results/raw/28-04-2026-staged.json
SPSCBufferStage3,256,64,68150680,BM_SPSCBufferStage3<bench::data::BenchPayload<256>>/64/min_warmup_time:0.500/repeats:20/real_time_median,/home/ethanmathew/Code/ring-buffer-benchmarks/bench/results/raw/28-04-2026-staged.json
SPSCBufferStage3,256,256,69361922,BM_SPSCBufferStage3<bench::data::BenchPayload<256>>/256/min_warmup_time:0.500/repeats:20/real_time_median,/home/ethanmathew/Code/ring-buffer-benchmarks/bench/results/raw/28-04-2026-staged.json
SPSCBufferStage3,256,1024,71972654,BM_SPSCBufferStage3<bench::data::BenchPayload<256>>/1024/min_warmup_time:0.500/repeats:20/real_time_median,/home/ethanmathew/Code/ring-buffer-benchmarks/bench/results/raw/28-04-2026-staged.json
SPSCBufferStage3,256,4096,74092698,BM_SPSCBufferStage3<bench::data::BenchPayload<256>>/4096/min_warmup_time:0.500/repeats:20/real_time_median,/home/ethanmathew/Code/ring-buffer-benchmarks/bench/results/raw/28-04-2026-staged.json
SPSCBufferStage3,256,16384,68782002,BM_SPSCBufferStage3<bench::data::BenchPayload<256>>/16384/min_warmup_time:0.500/repeats:20/real_time_median,/home/ethanmathew/Code/ring-buffer-benchmarks/bench/results/raw/28-04-2026-staged.json
SPSCBufferStage3,256,32768,65635954,BM_SPSCBufferStage3<bench::data::BenchPayload<256>>/32768/min_warmup_time:0.500/repeats:20/real_time_median,/home/ethanmathew/Code/ring-buffer-benchmarks/bench/results/raw/28-04-2026-staged.json
SPSCBufferStage4,1,1,4377815,BM_SPSCBufferStage4<bench::data::BenchPayload<1>>/1/min_warmup_time:0.500/repeats:20/real_time_median,/home/ethanmathew/Code/ring-buffer-benchmarks/bench/results/raw/28-04-2026-staged.json
SPSCBufferStage4,1,4,16565795,BM_SPSCBufferStage4<bench::data::BenchPayload<1>>/4/min_warmup_time:0.500/repeats:20/real_time_median,/home/ethanmathew/Code/ring-buffer-benchmarks/bench/results/raw/28-04-2026-staged.json
SPSCBufferStage4,1,64,126318775,BM_SPSCBufferStage4<bench::data::BenchPayload<1>>/64/min_warmup_time:0.500/repeats:20/real_time_median,/home/ethanmathew/Code/ring-buffer-benchmarks/bench/results/raw/28-04-2026-staged.json
SPSCBufferStage4,1,256,150252095,BM_SPSCBufferStage4<bench::data::BenchPayload<1>>/256/min_warmup_time:0.500/repeats:20/real_time_median,/home/ethanmathew/Code/ring-buffer-benchmarks/bench/results/raw/28-04-2026-staged.json
SPSCBufferStage4,1,1024,178238444,BM_SPSCBufferStage4<bench::data::BenchPayload<1>>/1024/min_warmup_time:0.500/repeats:20/real_time_median,/home/ethanmathew/Code/ring-buffer-benchmarks/bench/results/raw/28-04-2026-staged.json
SPSCBufferStage4,1,4096,152719327,BM_SPSCBufferStage4<bench::data::BenchPayload<1>>/4096/min_warmup_time:0.500/repeats:20/real_time_median,/home/ethanmathew/Code/ring-buffer-benchmarks/bench/results/raw/28-04-2026-staged.json
SPSCBufferStage4,1,16384,148472612,BM_SPSCBufferStage4<bench::data::BenchPayload<1>>/16384/min_warmup_time:0.500/repeats:20/real_time_median,/home/ethanmathew/Code/ring-buffer-benchmarks/bench/results/raw/28-04-2026-staged.json
SPSCBufferStage4,1,32768,148178519,BM_SPSCBufferStage4<bench::data::BenchPayload<1>>/32768/min_warmup_time:0.500/repeats:20/real_time_median,/home/ethanmathew/Code/ring-buffer-benchmarks/bench/results/raw/28-04-2026-staged.json
SPSCBufferStage4,2,1,4403644,BM_SPSCBufferStage4<bench::data::BenchPayload<2>>/1/min_warmup_time:0.500/repeats:20/real_time_median,/home/ethanmathew/Code/ring-buffer-benchmarks/bench/results/raw/28-04-2026-staged.json
SPSCBufferStage4,2,4,16589475,BM_SPSCBufferStage4<bench::data::BenchPayload<2>>/4/min_warmup_time:0.500/repeats:20/real_time_median,/home/ethanmathew/Code/ring-buffer-benchmarks/bench/results/raw/28-04-2026-staged.json
SPSCBufferStage4,2,64,130828340,BM_SPSCBufferStage4<bench::data::BenchPayload<2>>/64/min_warmup_time:0.500/repeats:20/real_time_median,/home/ethanmathew/Code/ring-buffer-benchmarks/bench/results/raw/28-04-2026-staged.json
SPSCBufferStage4,2,256,151378386,BM_SPSCBufferStage4<bench::data::BenchPayload<2>>/256/min_warmup_time:0.500/repeats:20/real_time_median,/home/ethanmathew/Code/ring-buffer-benchmarks/bench/results/raw/28-04-2026-staged.json
SPSCBufferStage4,2,1024,181091983,BM_SPSCBufferStage4<bench::data::BenchPayload<2>>/1024/min_warmup_time:0.500/repeats:20/real_time_median,/home/ethanmathew/Code/ring-buffer-benchmarks/bench/results/raw/28-04-2026-staged.json
SPSCBufferStage4,2,4096,153787086,BM_SPSCBufferStage4<bench::data::BenchPayload<2>>/4096/min_warmup_time:0.500/repeats:20/real_time_median,/home/ethanmathew/Code/ring-buffer-benchmarks/bench/results/raw/28-04-2026-staged.json
SPSCBufferStage4,2,16384,151739691,BM_SPSCBufferStage4<bench::data::BenchPayload<2>>/16384/min_warmup_time:0.500/repeats:20/real_time_median,/home/ethanmathew/Code/ring-buffer-benchmarks/bench/results/raw/28-04-2026-staged.json
SPSCBufferStage4,2,32768,153341136,BM_SPSCBufferStage4<bench::data::BenchPayload<2>>/32768/min_warmup_time:0.500/repeats:20/real_time_median,/home/ethanmathew/Code/ring-buffer-benchmarks/bench/results/raw/28-04-2026-staged.json
SPSCBufferStage4,4,1,4439614,BM_SPSCBufferStage4<bench::data::BenchPayload<4>>/1/min_warmup_time:0.500/repeats:20/real_time_median,/home/ethanmathew/Code/ring-buffer-benchmarks/bench/results/raw/28-04-2026-staged.json
SPSCBufferStage4,4,4,16624896,BM_SPSCBufferStage4<bench::data::BenchPayload<4>>/4/min_warmup_time:0.500/repeats:20/real_time_median,/home/ethanmathew/Code/ring-buffer-benchmarks/bench/results/raw/28-04-2026-staged.json
SPSCBufferStage4,4,64,130320856,BM_SPSCBufferStage4<bench::data::BenchPayload<4>>/64/min_warmup_time:0.500/repeats:20/real_time_median,/home/ethanmathew/Code/ring-buffer-benchmarks/bench/results/raw/28-04-2026-staged.json
SPSCBufferStage4,4,256,151451954,BM_SPSCBufferStage4<bench::data::BenchPayload<4>>/256/min_warmup_time:0.500/repeats:20/real_time_median,/home/ethanmathew/Code/ring-buffer-benchmarks/bench/results/raw/28-04-2026-staged.json
SPSCBufferStage4,4,1024,175401847,BM_SPSCBufferStage4<bench::data::BenchPayload<4>>/1024/min_warmup_time:0.500/repeats:20/real_time_median,/home/ethanmathew/Code/ring-buffer-benchmarks/bench/results/raw/28-04-2026-staged.json
SPSCBufferStage4,4,4096,153791234,BM_SPSCBufferStage4<bench::data::BenchPayload<4>>/4096/min_warmup_time:0.500/repeats:20/real_time_median,/home/ethanmathew/Code/ring-buffer-benchmarks/bench/results/raw/28-04-2026-staged.json
SPSCBufferStage4,4,16384,152551882,BM_SPSCBufferStage4<bench::data::BenchPayload<4>>/16384/min_warmup_time:0.500/repeats:20/real_time_median,/home/ethanmathew/Code/ring-buffer-benchmarks/bench/results/raw/28-04-2026-staged.json
SPSCBufferStage4,4,32768,152229831,BM_SPSCBufferStage4<bench::data::BenchPayload<4>>/32768/min_warmup_time:0.500/repeats:20/real_time_median,/home/ethanmathew/Code/ring-buffer-benchmarks/bench/results/raw/28-04-2026-staged.json
SPSCBufferStage4,8,1,4402600,BM_SPSCBufferStage4<bench::data::BenchPayload<8>>/1/min_warmup_time:0.500/repeats:20/real_time_median,/home/ethanmathew/Code/ring-buffer-benchmarks/bench/results/raw/28-04-2026-staged.json
SPSCBufferStage4,8,4,16594325,BM_SPSCBufferStage4<bench::data::BenchPayload<8>>/4/min_warmup_time:0.500/repeats:20/real_time_median,/home/ethanmathew/Code/ring-buffer-benchmarks/bench/results/raw/28-04-2026-staged.json
SPSCBufferStage4,8,64,132416446,BM_SPSCBufferStage4<bench::data::BenchPayload<8>>/64/min_warmup_time:0.500/repeats:20/real_time_median,/home/ethanmathew/Code/ring-buffer-benchmarks/bench/results/raw/28-04-2026-staged.json
SPSCBufferStage4,8,256,177590599,BM_SPSCBufferStage4<bench::data::BenchPayload<8>>/256/min_warmup_time:0.500/repeats:20/real_time_median,/home/ethanmathew/Code/ring-buffer-benchmarks/bench/results/raw/28-04-2026-staged.json
SPSCBufferStage4,8,1024,193784202,BM_SPSCBufferStage4<bench::data::BenchPayload<8>>/1024/min_warmup_time:0.500/repeats:20/real_time_median,/home/ethanmathew/Code/ring-buffer-benchmarks/bench/results/raw/28-04-2026-staged.json
SPSCBufferStage4,8,4096,196251546,BM_SPSCBufferStage4<bench::data::BenchPayload<8>>/4096/min_warmup_time:0.500/repeats:20/real_time_median,/home/ethanmathew/Code/ring-buffer-benchmarks/bench/results/raw/28-04-2026-staged.json
SPSCBufferStage4,8,16384,196643275,BM_SPSCBufferStage4<bench::data::BenchPayload<8>>/16384/min_warmup_time:0.500/repeats:20/real_time_median,/home/ethanmathew/Code/ring-buffer-benchmarks/bench/results/raw/28-04-2026-staged.json
SPSCBufferStage4,8,32768,196985600,BM_SPSCBufferStage4<bench::data::BenchPayload<8>>/32768/min_warmup_time:0.500/repeats:20/real_time_median,/home/ethanmathew/Code/ring-buffer-benchmarks/bench/results/raw/28-04-2026-staged.json
SPSCBufferStage4,16,1,4412361,BM_SPSCBufferStage4<bench::data::BenchPayload<16>>/1/min_warmup_time:0.500/repeats:20/real_time_median,/home/ethanmathew/Code/ring-buffer-benchmarks/bench/results/raw/28-04-2026-staged.json
SPSCBufferStage4,16,4,16588935,BM_SPSCBufferStage4<bench::data::BenchPayload<16>>/4/min_warmup_time:0.500/repeats:20/real_time_median,/home/ethanmathew/Code/ring-buffer-benchmarks/bench/results/raw/28-04-2026-staged.json
SPSCBufferStage4,16,64,130727412,BM_SPSCBufferStage4<bench::data::BenchPayload<16>>/64/min_warmup_time:0.500/repeats:20/real_time_median,/home/ethanmathew/Code/ring-buffer-benchmarks/bench/results/raw/28-04-2026-staged.json
SPSCBufferStage4,16,256,156083081,BM_SPSCBufferStage4<bench::data::BenchPayload<16>>/256/min_warmup_time:0.500/repeats:20/real_time_median,/home/ethanmathew/Code/ring-buffer-benchmarks/bench/results/raw/28-04-2026-staged.json
SPSCBufferStage4,16,1024,182642771,BM_SPSCBufferStage4<bench::data::BenchPayload<16>>/1024/min_warmup_time:0.500/repeats:20/real_time_median,/home/ethanmathew/Code/ring-buffer-benchmarks/bench/results/raw/28-04-2026-staged.json
SPSCBufferStage4,16,4096,163012478,BM_SPSCBufferStage4<bench::data::BenchPayload<16>>/4096/min_warmup_time:0.500/repeats:20/real_time_median,/home/ethanmathew/Code/ring-buffer-benchmarks/bench/results/raw/28-04-2026-staged.json
SPSCBufferStage4,16,16384,160182245,BM_SPSCBufferStage4<bench::data::BenchPayload<16>>/16384/min_warmup_time:0.500/repeats:20/real_time_median,/home/ethanmathew/Code/ring-buffer-benchmarks/bench/results/raw/28-04-2026-staged.json
SPSCBufferStage4,16,32768,157340707,BM_SPSCBufferStage4<bench::data::BenchPayload<16>>/32768/min_warmup_time:0.500/repeats:20/real_time_median,/home/ethanmathew/Code/ring-buffer-benchmarks/bench/results/raw/28-04-2026-staged.json
SPSCBufferStage4,64,1,4317281,BM_SPSCBufferStage4<bench::data::BenchPayload<64>>/1/min_warmup_time:0.500/repeats:20/real_time_median,/home/ethanmathew/Code/ring-buffer-benchmarks/bench/results/raw/28-04-2026-staged.json
SPSCBufferStage4,64,4,16386914,BM_SPSCBufferStage4<bench::data::BenchPayload<64>>/4/min_warmup_time:0.500/repeats:20/real_time_median,/home/ethanmathew/Code/ring-buffer-benchmarks/bench/results/raw/28-04-2026-staged.json
SPSCBufferStage4,64,64,128867502,BM_SPSCBufferStage4<bench::data::BenchPayload<64>>/64/min_warmup_time:0.500/repeats:20/real_time_median,/home/ethanmathew/Code/ring-buffer-benchmarks/bench/results/raw/28-04-2026-staged.json
SPSCBufferStage4,64,256,138599841,BM_SPSCBufferStage4<bench::data::BenchPayload<64>>/256/min_warmup_time:0.500/repeats:20/real_time_median,/home/ethanmathew/Code/ring-buffer-benchmarks/bench/results/raw/28-04-2026-staged.json
SPSCBufferStage4,64,1024,139784538,BM_SPSCBufferStage4<bench::data::BenchPayload<64>>/1024/min_warmup_time:0.500/repeats:20/real_time_median,/home/ethanmathew/Code/ring-buffer-benchmarks/bench/results/raw/28-04-2026-staged.json
SPSCBufferStage4,64,4096,141752450,BM_SPSCBufferStage4<bench::data::BenchPayload<64>>/4096/min_warmup_time:0.500/repeats:20/real_time_median,/home/ethanmathew/Code/ring-buffer-benchmarks/bench/results/raw/28-04-2026-staged.json
SPSCBufferStage4,64,16384,136403493,BM_SPSCBufferStage4<bench::data::BenchPayload<64>>/16384/min_warmup_time:0.500/repeats:20/real_time_median,/home/ethanmathew/Code/ring-buffer-benchmarks/bench/results/raw/28-04-2026-staged.json
SPSCBufferStage4,64,32768,141795620,BM_SPSCBufferStage4<bench::data::BenchPayload<64>>/32768/min_warmup_time:0.500/repeats:20/real_time_median,/home/ethanmathew/Code/ring-buffer-benchmarks/bench/results/raw/28-04-2026-staged.json
SPSCBufferStage4,256,1,4435369,BM_SPSCBufferStage4<bench::data::BenchPayload<256>>/1/min_warmup_time:0.500/repeats:20/real_time_median,/home/ethanmathew/Code/ring-buffer-benchmarks/bench/results/raw/28-04-2026-staged.json
SPSCBufferStage4,256,4,16636524,BM_SPSCBufferStage4<bench::data::BenchPayload<256>>/4/min_warmup_time:0.500/repeats:20/real_time_median,/home/ethanmathew/Code/ring-buffer-benchmarks/bench/results/raw/28-04-2026-staged.json
SPSCBufferStage4,256,64,120260130,BM_SPSCBufferStage4<bench::data::BenchPayload<256>>/64/min_warmup_time:0.500/repeats:20/real_time_median,/home/ethanmathew/Code/ring-buffer-benchmarks/bench/results/raw/28-04-2026-staged.json
SPSCBufferStage4,256,256,123053624,BM_SPSCBufferStage4<bench::data::BenchPayload<256>>/256/min_warmup_time:0.500/repeats:20/real_time_median,/home/ethanmathew/Code/ring-buffer-benchmarks/bench/results/raw/28-04-2026-staged.json
SPSCBufferStage4,256,1024,123176754,BM_SPSCBufferStage4<bench::data::BenchPayload<256>>/1024/min_warmup_time:0.500/repeats:20/real_time_median,/home/ethanmathew/Code/ring-buffer-benchmarks/bench/results/raw/28-04-2026-staged.json
SPSCBufferStage4,256,4096,119092615,BM_SPSCBufferStage4<bench::data::BenchPayload<256>>/4096/min_warmup_time:0.500/repeats:20/real_time_median,/home/ethanmathew/Code/ring-buffer-benchmarks/bench/results/raw/28-04-2026-staged.json
SPSCBufferStage4,256,16384,88180204,BM_SPSCBufferStage4<bench::data::BenchPayload<256>>/16384/min_warmup_time:0.500/repeats:20/real_time_median,/home/ethanmathew/Code/ring-buffer-benchmarks/bench/results/raw/28-04-2026-staged.json
SPSCBufferStage4,256,32768,86967510,BM_SPSCBufferStage4<bench::data::BenchPayload<256>>/32768/min_warmup_time:0.500/repeats:20/real_time_median,/home/ethanmathew/Code/ring-buffer-benchmarks/bench/results/raw/28-04-2026-staged.json
SPSCBufferStage5,1,1,4180269,BM_SPSCBufferStage5<bench::data::BenchPayload<1>>/1/min_warmup_time:0.500/repeats:20/real_time_median,/home/ethanmathew/Code/ring-buffer-benchmarks/bench/results/raw/28-04-2026-staged.json
SPSCBufferStage5,1,4,15921443,BM_SPSCBufferStage5<bench::data::BenchPayload<1>>/4/min_warmup_time:0.500/repeats:20/real_time_median,/home/ethanmathew/Code/ring-buffer-benchmarks/bench/results/raw/28-04-2026-staged.json
SPSCBufferStage5,1,64,214072892,BM_SPSCBufferStage5<bench::data::BenchPayload<1>>/64/min_warmup_time:0.500/repeats:20/real_time_median,/home/ethanmathew/Code/ring-buffer-benchmarks/bench/results/raw/28-04-2026-staged.json
SPSCBufferStage5,1,256,618939604,BM_SPSCBufferStage5<bench::data::BenchPayload<1>>/256/min_warmup_time:0.500/repeats:20/real_time_median,/home/ethanmathew/Code/ring-buffer-benchmarks/bench/results/raw/28-04-2026-staged.json
SPSCBufferStage5,1,1024,1010265301,BM_SPSCBufferStage5<bench::data::BenchPayload<1>>/1024/min_warmup_time:0.500/repeats:20/real_time_median,/home/ethanmathew/Code/ring-buffer-benchmarks/bench/results/raw/28-04-2026-staged.json
SPSCBufferStage5,1,4096,1108649466,BM_SPSCBufferStage5<bench::data::BenchPayload<1>>/4096/min_warmup_time:0.500/repeats:20/real_time_median,/home/ethanmathew/Code/ring-buffer-benchmarks/bench/results/raw/28-04-2026-staged.json
SPSCBufferStage5,1,16384,1120007886,BM_SPSCBufferStage5<bench::data::BenchPayload<1>>/16384/min_warmup_time:0.500/repeats:20/real_time_median,/home/ethanmathew/Code/ring-buffer-benchmarks/bench/results/raw/28-04-2026-staged.json
SPSCBufferStage5,1,32768,1119804162,BM_SPSCBufferStage5<bench::data::BenchPayload<1>>/32768/min_warmup_time:0.500/repeats:20/real_time_median,/home/ethanmathew/Code/ring-buffer-benchmarks/bench/results/raw/28-04-2026-staged.json
SPSCBufferStage5,2,1,4230960,BM_SPSCBufferStage5<bench::data::BenchPayload<2>>/1/min_warmup_time:0.500/repeats:20/real_time_median,/home/ethanmathew/Code/ring-buffer-benchmarks/bench/results/raw/28-04-2026-staged.json
SPSCBufferStage5,2,4,16043101,BM_SPSCBufferStage5<bench::data::BenchPayload<2>>/4/min_warmup_time:0.500/repeats:20/real_time_median,/home/ethanmathew/Code/ring-buffer-benchmarks/bench/results/raw/28-04-2026-staged.json
SPSCBufferStage5,2,64,214615613,BM_SPSCBufferStage5<bench::data::BenchPayload<2>>/64/min_warmup_time:0.500/repeats:20/real_time_median,/home/ethanmathew/Code/ring-buffer-benchmarks/bench/results/raw/28-04-2026-staged.json
SPSCBufferStage5,2,256,615115201,BM_SPSCBufferStage5<bench::data::BenchPayload<2>>/256/min_warmup_time:0.500/repeats:20/real_time_median,/home/ethanmathew/Code/ring-buffer-benchmarks/bench/results/raw/28-04-2026-staged.json
SPSCBufferStage5,2,1024,1049548522,BM_SPSCBufferStage5<bench::data::BenchPayload<2>>/1024/min_warmup_time:0.500/repeats:20/real_time_median,/home/ethanmathew/Code/ring-buffer-benchmarks/bench/results/raw/28-04-2026-staged.json
SPSCBufferStage5,2,4096,1176660030,BM_SPSCBufferStage5<bench::data::BenchPayload<2>>/4096/min_warmup_time:0.500/repeats:20/real_time_median,/home/ethanmathew/Code/ring-buffer-benchmarks/bench/results/raw/28-04-2026-staged.json
SPSCBufferStage5,2,16384,1189111756,BM_SPSCBufferStage5<bench::data::BenchPayload<2>>/16384/min_warmup_time:0.500/repeats:20/real_time_median,/home/ethanmathew/Code/ring-buffer-benchmarks/bench/results/raw/28-04-2026-staged.json
SPSCBufferStage5,2,32768,1196940845,BM_SPSCBufferStage5<bench::data::BenchPayload<2>>/32768/min_warmup_time:0.500/repeats:20/real_time_median,/home/ethanmathew/Code/ring-buffer-benchmarks/bench/results/raw/28-04-2026-staged.json
SPSCBufferStage5,4,1,4255700,BM_SPSCBufferStage5<bench::data::BenchPayload<4>>/1/min_warmup_time:0.500/repeats:20/real_time_median,/home/ethanmathew/Code/ring-buffer-benchmarks/bench/results/raw/28-04-2026-staged.json
SPSCBufferStage5,4,4,16053739,BM_SPSCBufferStage5<bench::data::BenchPayload<4>>/4/min_warmup_time:0.500/repeats:20/real_time_median,/home/ethanmathew/Code/ring-buffer-benchmarks/bench/results/raw/28-04-2026-staged.json
SPSCBufferStage5,4,64,213632241,BM_SPSCBufferStage5<bench::data::BenchPayload<4>>/64/min_warmup_time:0.500/repeats:20/real_time_median,/home/ethanmathew/Code/ring-buffer-benchmarks/bench/results/raw/28-04-2026-staged.json
SPSCBufferStage5,4,256,609207804,BM_SPSCBufferStage5<bench::data::BenchPayload<4>>/256/min_warmup_time:0.500/repeats:20/real_time_median,/home/ethanmathew/Code/ring-buffer-benchmarks/bench/results/raw/28-04-2026-staged.json
SPSCBufferStage5,4,1024,1026406694,BM_SPSCBufferStage5<bench::data::BenchPayload<4>>/1024/min_warmup_time:0.500/repeats:20/real_time_median,/home/ethanmathew/Code/ring-buffer-benchmarks/bench/results/raw/28-04-2026-staged.json
SPSCBufferStage5,4,4096,1136752588,BM_SPSCBufferStage5<bench::data::BenchPayload<4>>/4096/min_warmup_time:0.500/repeats:20/real_time_median,/home/ethanmathew/Code/ring-buffer-benchmarks/bench/results/raw/28-04-2026-staged.json
SPSCBufferStage5,4,16384,1132976997,BM_SPSCBufferStage5<bench::data::BenchPayload<4>>/16384/min_warmup_time:0.500/repeats:20/real_time_median,/home/ethanmathew/Code/ring-buffer-benchmarks/bench/results/raw/28-04-2026-staged.json
SPSCBufferStage5,4,32768,1128718215,BM_SPSCBufferStage5<bench::data::BenchPayload<4>>/32768/min_warmup_time:0.500/repeats:20/real_time_median,/home/ethanmathew/Code/ring-buffer-benchmarks/bench/results/raw/28-04-2026-staged.json
SPSCBufferStage5,8,1,4237383,BM_SPSCBufferStage5<bench::data::BenchPayload<8>>/1/min_warmup_time:0.500/repeats:20/real_time_median,/home/ethanmathew/Code/ring-buffer-benchmarks/bench/results/raw/28-04-2026-staged.json
SPSCBufferStage5,8,4,15494898,BM_SPSCBufferStage5<bench::data::BenchPayload<8>>/4/min_warmup_time:0.500/repeats:20/real_time_median,/home/ethanmathew/Code/ring-buffer-benchmarks/bench/results/raw/28-04-2026-staged.json
SPSCBufferStage5,8,64,210877593,BM_SPSCBufferStage5<bench::data::BenchPayload<8>>/64/min_warmup_time:0.500/repeats:20/real_time_median,/home/ethanmathew/Code/ring-buffer-benchmarks/bench/results/raw/28-04-2026-staged.json
SPSCBufferStage5,8,256,582244344,BM_SPSCBufferStage5<bench::data::BenchPayload<8>>/256/min_warmup_time:0.500/repeats:20/real_time_median,/home/ethanmathew/Code/ring-buffer-benchmarks/bench/results/raw/28-04-2026-staged.json
SPSCBufferStage5,8,1024,995884781,BM_SPSCBufferStage5<bench::data::BenchPayload<8>>/1024/min_warmup_time:0.500/repeats:20/real_time_median,/home/ethanmathew/Code/ring-buffer-benchmarks/bench/results/raw/28-04-2026-staged.json
SPSCBufferStage5,8,4096,1111266834,BM_SPSCBufferStage5<bench::data::BenchPayload<8>>/4096/min_warmup_time:0.500/repeats:20/real_time_median,/home/ethanmathew/Code/ring-buffer-benchmarks/bench/results/raw/28-04-2026-staged.json
SPSCBufferStage5,8,16384,1108424072,BM_SPSCBufferStage5<bench::data::BenchPayload<8>>/16384/min_warmup_time:0.500/repeats:20/real_time_median,/home/ethanmathew/Code/ring-buffer-benchmarks/bench/results/raw/28-04-2026-staged.json
SPSCBufferStage5,8,32768,1101968098,BM_SPSCBufferStage5<bench::data::BenchPayload<8>>/32768/min_warmup_time:0.500/repeats:20/real_time_median,/home/ethanmathew/Code/ring-buffer-benchmarks/bench/results/raw/28-04-2026-staged.json
SPSCBufferStage5,16,1,4273704,BM_SPSCBufferStage5<bench::data::BenchPayload<16>>/1/min_warmup_time:0.500/repeats:20/real_time_median,/home/ethanmathew/Code/ring-buffer-benchmarks/bench/results/raw/28-04-2026-staged.json
SPSCBufferStage5,16,4,15905376,BM_SPSCBufferStage5<bench::data::BenchPayload<16>>/4/min_warmup_time:0.500/repeats:20/real_time_median,/home/ethanmathew/Code/ring-buffer-benchmarks/bench/results/raw/28-04-2026-staged.json
SPSCBufferStage5,16,64,216041712,BM_SPSCBufferStage5<bench::data::BenchPayload<16>>/64/min_warmup_time:0.500/repeats:20/real_time_median,/home/ethanmathew/Code/ring-buffer-benchmarks/bench/results/raw/28-04-2026-staged.json
SPSCBufferStage5,16,256,596814842,BM_SPSCBufferStage5<bench::data::BenchPayload<16>>/256/min_warmup_time:0.500/repeats:20/real_time_median,/home/ethanmathew/Code/ring-buffer-benchmarks/bench/results/raw/28-04-2026-staged.json
SPSCBufferStage5,16,1024,984611193,BM_SPSCBufferStage5<bench::data::BenchPayload<16>>/1024/min_warmup_time:0.500/repeats:20/real_time_median,/home/ethanmathew/Code/ring-buffer-benchmarks/bench/results/raw/28-04-2026-staged.json
SPSCBufferStage5,16,4096,956950397,BM_SPSCBufferStage5<bench::data::BenchPayload<16>>/4096/min_warmup_time:0.500/repeats:20/real_time_median,/home/ethanmathew/Code/ring-buffer-benchmarks/bench/results/raw/28-04-2026-staged.json
SPSCBufferStage5,16,16384,950676675,BM_SPSCBufferStage5<bench::data::BenchPayload<16>>/16384/min_warmup_time:0.500/repeats:20/real_time_median,/home/ethanmathew/Code/ring-buffer-benchmarks/bench/results/raw/28-04-2026-staged.json
SPSCBufferStage5,16,32768,947430014,BM_SPSCBufferStage5<bench::data::BenchPayload<16>>/32768/min_warmup_time:0.500/repeats:20/real_time_median,/home/ethanmathew/Code/ring-buffer-benchmarks/bench/results/raw/28-04-2026-staged.json
SPSCBufferStage5,64,1,4290856,BM_SPSCBufferStage5<bench::data::BenchPayload<64>>/1/min_warmup_time:0.500/repeats:20/real_time_median,/home/ethanmathew/Code/ring-buffer-benchmarks/bench/results/raw/28-04-2026-staged.json
SPSCBufferStage5,64,4,16033736,BM_SPSCBufferStage5<bench::data::BenchPayload<64>>/4/min_warmup_time:0.500/repeats:20/real_time_median,/home/ethanmathew/Code/ring-buffer-benchmarks/bench/results/raw/28-04-2026-staged.json
SPSCBufferStage5,64,64,201850751,BM_SPSCBufferStage5<bench::data::BenchPayload<64>>/64/min_warmup_time:0.500/repeats:20/real_time_median,/home/ethanmathew/Code/ring-buffer-benchmarks/bench/results/raw/28-04-2026-staged.json
SPSCBufferStage5,64,256,475462367,BM_SPSCBufferStage5<bench::data::BenchPayload<64>>/256/min_warmup_time:0.500/repeats:20/real_time_median,/home/ethanmathew/Code/ring-buffer-benchmarks/bench/results/raw/28-04-2026-staged.json
SPSCBufferStage5,64,1024,372174497,BM_SPSCBufferStage5<bench::data::BenchPayload<64>>/1024/min_warmup_time:0.500/repeats:20/real_time_median,/home/ethanmathew/Code/ring-buffer-benchmarks/bench/results/raw/28-04-2026-staged.json
SPSCBufferStage5,64,4096,366523444,BM_SPSCBufferStage5<bench::data::BenchPayload<64>>/4096/min_warmup_time:0.500/repeats:20/real_time_median,/home/ethanmathew/Code/ring-buffer-benchmarks/bench/results/raw/28-04-2026-staged.json
SPSCBufferStage5,64,16384,361252618,BM_SPSCBufferStage5<bench::data::BenchPayload<64>>/16384/min_warmup_time:0.500/repeats:20/real_time_median,/home/ethanmathew/Code/ring-buffer-benchmarks/bench/results/raw/28-04-2026-staged.json
SPSCBufferStage5,64,32768,338864544,BM_SPSCBufferStage5<bench::data::BenchPayload<64>>/32768/min_warmup_time:0.500/repeats:20/real_time_median,/home/ethanmathew/Code/ring-buffer-benchmarks/bench/results/raw/28-04-2026-staged.json
SPSCBufferStage5,256,1,4181370,BM_SPSCBufferStage5<bench::data::BenchPayload<256>>/1/min_warmup_time:0.500/repeats:20/real_time_median,/home/ethanmathew/Code/ring-buffer-benchmarks/bench/results/raw/28-04-2026-staged.json
SPSCBufferStage5,256,4,15939559,BM_SPSCBufferStage5<bench::data::BenchPayload<256>>/4/min_warmup_time:0.500/repeats:20/real_time_median,/home/ethanmathew/Code/ring-buffer-benchmarks/bench/results/raw/28-04-2026-staged.json
SPSCBufferStage5,256,64,142392811,BM_SPSCBufferStage5<bench::data::BenchPayload<256>>/64/min_warmup_time:0.500/repeats:20/real_time_median,/home/ethanmathew/Code/ring-buffer-benchmarks/bench/results/raw/28-04-2026-staged.json
SPSCBufferStage5,256,256,125417419,BM_SPSCBufferStage5<bench::data::BenchPayload<256>>/256/min_warmup_time:0.500/repeats:20/real_time_median,/home/ethanmathew/Code/ring-buffer-benchmarks/bench/results/raw/28-04-2026-staged.json
SPSCBufferStage5,256,1024,127252148,BM_SPSCBufferStage5<bench::data::BenchPayload<256>>/1024/min_warmup_time:0.500/repeats:20/real_time_median,/home/ethanmathew/Code/ring-buffer-benchmarks/bench/results/raw/28-04-2026-staged.json
SPSCBufferStage5,256,4096,126346681,BM_SPSCBufferStage5<bench::data::BenchPayload<256>>/4096/min_warmup_time:0.500/repeats:20/real_time_median,/home/ethanmathew/Code/ring-buffer-benchmarks/bench/results/raw/28-04-2026-staged.json
SPSCBufferStage5,256,16384,103854996,BM_SPSCBufferStage5<bench::data::BenchPayload<256>>/16384/min_warmup_time:0.500/repeats:20/real_time_median,/home/ethanmathew/Code/ring-buffer-benchmarks/bench/results/raw/28-04-2026-staged.json
SPSCBufferStage5,256,32768,102357780,BM_SPSCBufferStage5<bench::data::BenchPayload<256>>/32768/min_warmup_time:0.500/repeats:20/real_time_median,/home/ethanmathew/Code/ring-buffer-benchmarks/bench/results/raw/28-04-2026-staged.json
SPSCBufferStage6,1,1,4145651,BM_SPSCBufferStage6<bench::data::BenchPayload<1>>/1/min_warmup_time:0.500/repeats:20/real_time_median,/home/ethanmathew/Code/ring-buffer-benchmarks/bench/results/raw/28-04-2026-staged.json
SPSCBufferStage6,1,4,15928815,BM_SPSCBufferStage6<bench::data::BenchPayload<1>>/4/min_warmup_time:0.500/repeats:20/real_time_median,/home/ethanmathew/Code/ring-buffer-benchmarks/bench/results/raw/28-04-2026-staged.json
SPSCBufferStage6,1,64,211925366,BM_SPSCBufferStage6<bench::data::BenchPayload<1>>/64/min_warmup_time:0.500/repeats:20/real_time_median,/home/ethanmathew/Code/ring-buffer-benchmarks/bench/results/raw/28-04-2026-staged.json
SPSCBufferStage6,1,256,605877169,BM_SPSCBufferStage6<bench::data::BenchPayload<1>>/256/min_warmup_time:0.500/repeats:20/real_time_median,/home/ethanmathew/Code/ring-buffer-benchmarks/bench/results/raw/28-04-2026-staged.json
SPSCBufferStage6,1,1024,1020778955,BM_SPSCBufferStage6<bench::data::BenchPayload<1>>/1024/min_warmup_time:0.500/repeats:20/real_time_median,/home/ethanmathew/Code/ring-buffer-benchmarks/bench/results/raw/28-04-2026-staged.json
SPSCBufferStage6,1,4096,1106536753,BM_SPSCBufferStage6<bench::data::BenchPayload<1>>/4096/min_warmup_time:0.500/repeats:20/real_time_median,/home/ethanmathew/Code/ring-buffer-benchmarks/bench/results/raw/28-04-2026-staged.json
SPSCBufferStage6,1,16384,1108427831,BM_SPSCBufferStage6<bench::data::BenchPayload<1>>/16384/min_warmup_time:0.500/repeats:20/real_time_median,/home/ethanmathew/Code/ring-buffer-benchmarks/bench/results/raw/28-04-2026-staged.json
SPSCBufferStage6,1,32768,1107724946,BM_SPSCBufferStage6<bench::data::BenchPayload<1>>/32768/min_warmup_time:0.500/repeats:20/real_time_median,/home/ethanmathew/Code/ring-buffer-benchmarks/bench/results/raw/28-04-2026-staged.json
SPSCBufferStage6,2,1,4201148,BM_SPSCBufferStage6<bench::data::BenchPayload<2>>/1/min_warmup_time:0.500/repeats:20/real_time_median,/home/ethanmathew/Code/ring-buffer-benchmarks/bench/results/raw/28-04-2026-staged.json
SPSCBufferStage6,2,4,16013346,BM_SPSCBufferStage6<bench::data::BenchPayload<2>>/4/min_warmup_time:0.500/repeats:20/real_time_median,/home/ethanmathew/Code/ring-buffer-benchmarks/bench/results/raw/28-04-2026-staged.json
SPSCBufferStage6,2,64,213264791,BM_SPSCBufferStage6<bench::data::BenchPayload<2>>/64/min_warmup_time:0.500/repeats:20/real_time_median,/home/ethanmathew/Code/ring-buffer-benchmarks/bench/results/raw/28-04-2026-staged.json
SPSCBufferStage6,2,256,602021864,BM_SPSCBufferStage6<bench::data::BenchPayload<2>>/256/min_warmup_time:0.500/repeats:20/real_time_median,/home/ethanmathew/Code/ring-buffer-benchmarks/bench/results/raw/28-04-2026-staged.json
SPSCBufferStage6,2,1024,1027302685,BM_SPSCBufferStage6<bench::data::BenchPayload<2>>/1024/min_warmup_time:0.500/repeats:20/real_time_median,/home/ethanmathew/Code/ring-buffer-benchmarks/bench/results/raw/28-04-2026-staged.json
SPSCBufferStage6,2,4096,1141940398,BM_SPSCBufferStage6<bench::data::BenchPayload<2>>/4096/min_warmup_time:0.500/repeats:20/real_time_median,/home/ethanmathew/Code/ring-buffer-benchmarks/bench/results/raw/28-04-2026-staged.json
SPSCBufferStage6,2,16384,1147807178,BM_SPSCBufferStage6<bench::data::BenchPayload<2>>/16384/min_warmup_time:0.500/repeats:20/real_time_median,/home/ethanmathew/Code/ring-buffer-benchmarks/bench/results/raw/28-04-2026-staged.json
SPSCBufferStage6,2,32768,1161807825,BM_SPSCBufferStage6<bench::data::BenchPayload<2>>/32768/min_warmup_time:0.500/repeats:20/real_time_median,/home/ethanmathew/Code/ring-buffer-benchmarks/bench/results/raw/28-04-2026-staged.json
SPSCBufferStage6,4,1,4242283,BM_SPSCBufferStage6<bench::data::BenchPayload<4>>/1/min_warmup_time:0.500/repeats:20/real_time_median,/home/ethanmathew/Code/ring-buffer-benchmarks/bench/results/raw/28-04-2026-staged.json
SPSCBufferStage6,4,4,16603122,BM_SPSCBufferStage6<bench::data::BenchPayload<4>>/4/min_warmup_time:0.500/repeats:20/real_time_median,/home/ethanmathew/Code/ring-buffer-benchmarks/bench/results/raw/28-04-2026-staged.json
SPSCBufferStage6,4,64,218085841,BM_SPSCBufferStage6<bench::data::BenchPayload<4>>/64/min_warmup_time:0.500/repeats:20/real_time_median,/home/ethanmathew/Code/ring-buffer-benchmarks/bench/results/raw/28-04-2026-staged.json
SPSCBufferStage6,4,256,620606320,BM_SPSCBufferStage6<bench::data::BenchPayload<4>>/256/min_warmup_time:0.500/repeats:20/real_time_median,/home/ethanmathew/Code/ring-buffer-benchmarks/bench/results/raw/28-04-2026-staged.json
SPSCBufferStage6,4,1024,1039818575,BM_SPSCBufferStage6<bench::data::BenchPayload<4>>/1024/min_warmup_time:0.500/repeats:20/real_time_median,/home/ethanmathew/Code/ring-buffer-benchmarks/bench/results/raw/28-04-2026-staged.json
SPSCBufferStage6,4,4096,1147699511,BM_SPSCBufferStage6<bench::data::BenchPayload<4>>/4096/min_warmup_time:0.500/repeats:20/real_time_median,/home/ethanmathew/Code/ring-buffer-benchmarks/bench/results/raw/28-04-2026-staged.json
SPSCBufferStage6,4,16384,1138127373,BM_SPSCBufferStage6<bench::data::BenchPayload<4>>/16384/min_warmup_time:0.500/repeats:20/real_time_median,/home/ethanmathew/Code/ring-buffer-benchmarks/bench/results/raw/28-04-2026-staged.json
SPSCBufferStage6,4,32768,1135896800,BM_SPSCBufferStage6<bench::data::BenchPayload<4>>/32768/min_warmup_time:0.500/repeats:20/real_time_median,/home/ethanmathew/Code/ring-buffer-benchmarks/bench/results/raw/28-04-2026-staged.json
SPSCBufferStage6,8,1,4077834,BM_SPSCBufferStage6<bench::data::BenchPayload<8>>/1/min_warmup_time:0.500/repeats:20/real_time_median,/home/ethanmathew/Code/ring-buffer-benchmarks/bench/results/raw/28-04-2026-staged.json
SPSCBufferStage6,8,4,16133168,BM_SPSCBufferStage6<bench::data::BenchPayload<8>>/4/min_warmup_time:0.500/repeats:20/real_time_median,/home/ethanmathew/Code/ring-buffer-benchmarks/bench/results/raw/28-04-2026-staged.json
SPSCBufferStage6,8,64,210015659,BM_SPSCBufferStage6<bench::data::BenchPayload<8>>/64/min_warmup_time:0.500/repeats:20/real_time_median,/home/ethanmathew/Code/ring-buffer-benchmarks/bench/results/raw/28-04-2026-staged.json
SPSCBufferStage6,8,256,576823162,BM_SPSCBufferStage6<bench::data::BenchPayload<8>>/256/min_warmup_time:0.500/repeats:20/real_time_median,/home/ethanmathew/Code/ring-buffer-benchmarks/bench/results/raw/28-04-2026-staged.json
SPSCBufferStage6,8,1024,1011313645,BM_SPSCBufferStage6<bench::data::BenchPayload<8>>/1024/min_warmup_time:0.500/repeats:20/real_time_median,/home/ethanmathew/Code/ring-buffer-benchmarks/bench/results/raw/28-04-2026-staged.json
SPSCBufferStage6,8,4096,1099818322,BM_SPSCBufferStage6<bench::data::BenchPayload<8>>/4096/min_warmup_time:0.500/repeats:20/real_time_median,/home/ethanmathew/Code/ring-buffer-benchmarks/bench/results/raw/28-04-2026-staged.json
SPSCBufferStage6,8,16384,1089086629,BM_SPSCBufferStage6<bench::data::BenchPayload<8>>/16384/min_warmup_time:0.500/repeats:20/real_time_median,/home/ethanmathew/Code/ring-buffer-benchmarks/bench/results/raw/28-04-2026-staged.json
SPSCBufferStage6,8,32768,1093972737,BM_SPSCBufferStage6<bench::data::BenchPayload<8>>/32768/min_warmup_time:0.500/repeats:20/real_time_median,/home/ethanmathew/Code/ring-buffer-benchmarks/bench/results/raw/28-04-2026-staged.json
SPSCBufferStage6,16,1,4247605,BM_SPSCBufferStage6<bench::data::BenchPayload<16>>/1/min_warmup_time:0.500/repeats:20/real_time_median,/home/ethanmathew/Code/ring-buffer-benchmarks/bench/results/raw/28-04-2026-staged.json
SPSCBufferStage6,16,4,16073100,BM_SPSCBufferStage6<bench::data::BenchPayload<16>>/4/min_warmup_time:0.500/repeats:20/real_time_median,/home/ethanmathew/Code/ring-buffer-benchmarks/bench/results/raw/28-04-2026-staged.json
SPSCBufferStage6,16,64,213725434,BM_SPSCBufferStage6<bench::data::BenchPayload<16>>/64/min_warmup_time:0.500/repeats:20/real_time_median,/home/ethanmathew/Code/ring-buffer-benchmarks/bench/results/raw/28-04-2026-staged.json
SPSCBufferStage6,16,256,582678545,BM_SPSCBufferStage6<bench::data::BenchPayload<16>>/256/min_warmup_time:0.500/repeats:20/real_time_median,/home/ethanmathew/Code/ring-buffer-benchmarks/bench/results/raw/28-04-2026-staged.json
SPSCBufferStage6,16,1024,937767000,BM_SPSCBufferStage6<bench::data::BenchPayload<16>>/1024/min_warmup_time:0.500/repeats:20/real_time_median,/home/ethanmathew/Code/ring-buffer-benchmarks/bench/results/raw/28-04-2026-staged.json
SPSCBufferStage6,16,4096,980488608,BM_SPSCBufferStage6<bench::data::BenchPayload<16>>/4096/min_warmup_time:0.500/repeats:20/real_time_median,/home/ethanmathew/Code/ring-buffer-benchmarks/bench/results/raw/28-04-2026-staged.json
SPSCBufferStage6,16,16384,948794030,BM_SPSCBufferStage6<bench::data::BenchPayload<16>>/16384/min_warmup_time:0.500/repeats:20/real_time_median,/home/ethanmathew/Code/ring-buffer-benchmarks/bench/results/raw/28-04-2026-staged.json
SPSCBufferStage6,16,32768,966738235,BM_SPSCBufferStage6<bench::data::BenchPayload<16>>/32768/min_warmup_time:0.500/repeats:20/real_time_median,/home/ethanmathew/Code/ring-buffer-benchmarks/bench/results/raw/28-04-2026-staged.json
SPSCBufferStage6,64,1,4267096,BM_SPSCBufferStage6<bench::data::BenchPayload<64>>/1/min_warmup_time:0.500/repeats:20/real_time_median,/home/ethanmathew/Code/ring-buffer-benchmarks/bench/results/raw/28-04-2026-staged.json
SPSCBufferStage6,64,4,16041668,BM_SPSCBufferStage6<bench::data::BenchPayload<64>>/4/min_warmup_time:0.500/repeats:20/real_time_median,/home/ethanmathew/Code/ring-buffer-benchmarks/bench/results/raw/28-04-2026-staged.json
SPSCBufferStage6,64,64,203285609,BM_SPSCBufferStage6<bench::data::BenchPayload<64>>/64/min_warmup_time:0.500/repeats:20/real_time_median,/home/ethanmathew/Code/ring-buffer-benchmarks/bench/results/raw/28-04-2026-staged.json
SPSCBufferStage6,64,256,433200241,BM_SPSCBufferStage6<bench::data::BenchPayload<64>>/256/min_warmup_time:0.500/repeats:20/real_time_median,/home/ethanmathew/Code/ring-buffer-benchmarks/bench/results/raw/28-04-2026-staged.json
SPSCBufferStage6,64,1024,426740375,BM_SPSCBufferStage6<bench::data::BenchPayload<64>>/1024/min_warmup_time:0.500/repeats:20/real_time_median,/home/ethanmathew/Code/ring-buffer-benchmarks/bench/results/raw/28-04-2026-staged.json
SPSCBufferStage6,64,4096,432372711,BM_SPSCBufferStage6<bench::data::BenchPayload<64>>/4096/min_warmup_time:0.500/repeats:20/real_time_median,/home/ethanmathew/Code/ring-buffer-benchmarks/bench/results/raw/28-04-2026-staged.json
SPSCBufferStage6,64,16384,416887312,BM_SPSCBufferStage6<bench::data::BenchPayload<64>>/16384/min_warmup_time:0.500/repeats:20/real_time_median,/home/ethanmathew/Code/ring-buffer-benchmarks/bench/results/raw/28-04-2026-staged.json
SPSCBufferStage6,64,32768,380629780,BM_SPSCBufferStage6<bench::data::BenchPayload<64>>/32768/min_warmup_time:0.500/repeats:20/real_time_median,/home/ethanmathew/Code/ring-buffer-benchmarks/bench/results/raw/28-04-2026-staged.json
SPSCBufferStage6,256,1,4148353,BM_SPSCBufferStage6<bench::data::BenchPayload<256>>/1/min_warmup_time:0.500/repeats:20/real_time_median,/home/ethanmathew/Code/ring-buffer-benchmarks/bench/results/raw/28-04-2026-staged.json
SPSCBufferStage6,256,4,15932460,BM_SPSCBufferStage6<bench::data::BenchPayload<256>>/4/min_warmup_time:0.500/repeats:20/real_time_median,/home/ethanmathew/Code/ring-buffer-benchmarks/bench/results/raw/28-04-2026-staged.json
SPSCBufferStage6,256,64,141580819,BM_SPSCBufferStage6<bench::data::BenchPayload<256>>/64/min_warmup_time:0.500/repeats:20/real_time_median,/home/ethanmathew/Code/ring-buffer-benchmarks/bench/results/raw/28-04-2026-staged.json
SPSCBufferStage6,256,256,122372578,BM_SPSCBufferStage6<bench::data::BenchPayload<256>>/256/min_warmup_time:0.500/repeats:20/real_time_median,/home/ethanmathew/Code/ring-buffer-benchmarks/bench/results/raw/28-04-2026-staged.json
SPSCBufferStage6,256,1024,123159746,BM_SPSCBufferStage6<bench::data::BenchPayload<256>>/1024/min_warmup_time:0.500/repeats:20/real_time_median,/home/ethanmathew/Code/ring-buffer-benchmarks/bench/results/raw/28-04-2026-staged.json
SPSCBufferStage6,256,4096,122852638,BM_SPSCBufferStage6<bench::data::BenchPayload<256>>/4096/min_warmup_time:0.500/repeats:20/real_time_median,/home/ethanmathew/Code/ring-buffer-benchmarks/bench/results/raw/28-04-2026-staged.json
SPSCBufferStage6,256,16384,102512466,BM_SPSCBufferStage6<bench::data::BenchPayload<256>>/16384/min_warmup_time:0.500/repeats:20/real_time_median,/home/ethanmathew/Code/ring-buffer-benchmarks/bench/results/raw/28-04-2026-staged.json
SPSCBufferStage6,256,32768,101758956,BM_SPSCBufferStage6<bench::data::BenchPayload<256>>/32768/min_warmup_time:0.500/repeats:20/real_time_median,/home/ethanmathew/Code/ring-buffer-benchmarks/bench/results/raw/28-04-2026-staged.json
